"CU","alpha","beta0","sigma","deviance","stk"
"xx","1.88645245574391","0.377600100585411","0.708307641357283","129.786760352895","Pooled Summ."
"xx","1.76570622424735","0.364753845445005","0.689322269050287","127.735001683689","Pooled Summ."
"xx","1.61513248723216","0.392442798312358","0.63223921415978","132.242714000543","Pooled Summ."
"xx","1.70561353661477","0.365159148525057","0.576880746324729","130.851680913961","Pooled Summ."
"xx","1.82125247619206","0.460296065507388","0.736663368366413","129.645762351752","Pooled Summ."
"xx","1.77395051742951","0.478472592500599","0.886501652885943","137.78228207523","Pooled Summ."
"xx","1.76426592413231","0.418222075517031","0.639446086952173","128.229601575605","Pooled Summ."
"xx","1.78511384814732","0.422335801496415","0.679562152392289","127.89707151372","Pooled Summ."
"xx","1.82061833388802","0.436959459153006","0.659513208276558","127.998943704574","Pooled Summ."
"xx","1.81861966449172","0.374411610429961","0.793215522302606","131.281224238838","Pooled Summ."
"xx","1.68721497040498","0.369970141309285","0.665347164795462","128.248134986206","Pooled Summ."
"xx","1.5645346778334","0.266277940672414","0.689940791877174","130.839328297218","Pooled Summ."
"xx","1.47083064704981","0.225332243686415","0.712603610272113","134.108281026267","Pooled Summ."
"xx","1.59652736733966","0.234702726266514","0.797048599474495","133.903550237779","Pooled Summ."
"xx","1.82327990483832","0.392129626579476","0.673649470968478","127.762064327112","Pooled Summ."
"xx","1.74898797059754","0.427062675836783","0.703063923852942","128.762818528205","Pooled Summ."
"xx","1.79479658687399","0.43755317826603","0.640812842237015","128.395473600383","Pooled Summ."
"xx","1.75058797754176","0.347488338640165","0.556189317874993","132.495583010073","Pooled Summ."
"xx","1.53935510935154","0.272118765270104","0.645934919587244","131.929833925871","Pooled Summ."
"xx","1.72996428757228","0.357790840246439","0.705068340240559","128.040319109399","Pooled Summ."
"xx","1.69091365109981","0.33453021652572","0.649874126436899","128.158951778255","Pooled Summ."
"xx","1.84062690209881","0.388202122077234","0.604610413545603","129.425652359532","Pooled Summ."
"xx","1.62474104457018","0.239126861192007","0.643288224328055","131.608955407404","Pooled Summ."
"xx","1.58543683699146","0.281805053722822","0.612964503277462","131.611599608334","Pooled Summ."
"xx","1.69490734084313","0.363996190656857","0.666798313640854","128.027837709414","Pooled Summ."
"xx","1.72063813889035","0.290057854127206","0.691055085009086","129.422412065931","Pooled Summ."
"xx","1.72422897690911","0.435727581470478","0.662087154512706","129.509967748474","Pooled Summ."
"xx","1.70847734444057","0.344946305094577","0.756411285537654","129.663611681977","Pooled Summ."
"xx","1.75760423196402","0.355572642043458","0.556607170531674","132.30972958468","Pooled Summ."
"xx","1.8638736855674","0.298307438376977","0.58216638782515","137.855761011142","Pooled Summ."
"xx","1.73774299160382","0.344219255736691","0.663757492458238","127.792621577847","Pooled Summ."
"xx","1.7077137231965","0.369665472691725","0.61047666645324","128.964182833973","Pooled Summ."
"xx","1.83628343812683","0.323834478286587","0.701121298290369","130.49155519738","Pooled Summ."
"xx","1.60757485568873","0.375815733426375","0.695670640172015","130.944844727446","Pooled Summ."
"xx","1.55106736683031","0.211276747251593","0.729298996765147","133.022033778104","Pooled Summ."
"xx","1.47427530275156","0.291126003269127","0.782091755159954","135.658047745007","Pooled Summ."
"xx","1.74614095328856","0.366097352527817","0.807802937356341","131.711848184211","Pooled Summ."
"xx","1.95365477026046","0.315549889011904","0.709145188787097","136.780794880415","Pooled Summ."
"xx","1.70789258976326","0.368080004654037","0.789333136361838","131.044380113241","Pooled Summ."
"xx","1.57792219291413","0.199890662174918","0.714693161888258","133.269829637958","Pooled Summ."
"xx","1.85970391671318","0.287946396311301","0.630656638584873","135.368065897767","Pooled Summ."
"xx","1.9994590540605","0.458977910446798","0.721563051371906","131.679687239278","Pooled Summ."
"xx","1.62775711139407","0.262737472378109","0.655991901455657","130.231190845998","Pooled Summ."
"xx","1.70133326396293","0.230498494524404","0.650832734821407","133.161864281452","Pooled Summ."
"xx","1.84825714265786","0.425131553839871","0.619012776513194","128.67937345108","Pooled Summ."
"xx","1.59703426069638","0.38808364993957","0.736749659595384","132.488637775473","Pooled Summ."
"xx","1.74043261149203","0.31773556627603","0.677260099666812","128.490164016267","Pooled Summ."
"xx","1.68951408765401","0.401426678199271","0.566276853378037","133.286307824724","Pooled Summ."
"xx","1.74929480758531","0.447734560382568","0.728643556797426","130.042071120072","Pooled Summ."
"xx","1.72390402338356","0.279086031991679","0.617038544145723","131.176674908585","Pooled Summ."
"xx","1.84807921456648","0.432757983549369","0.710537361506303","128.426827203022","Pooled Summ."
"xx","1.88531145564184","0.41299738859989","0.623229201500463","129.294448808511","Pooled Summ."
"xx","1.74012834208394","0.465376601751879","0.633427973870824","131.314953002139","Pooled Summ."
"xx","1.76389809396294","0.377973029325681","0.800510662247525","131.311032995125","Pooled Summ."
"xx","1.88391337360896","0.48174327761213","0.700896257015782","129.29948609997","Pooled Summ."
"xx","1.73171552260655","0.404950708650552","0.650441057465794","128.240924027555","Pooled Summ."
"xx","1.57462493996685","0.213553539455054","0.776101335181862","133.970770712441","Pooled Summ."
"xx","1.65586524810937","0.266916676848817","0.753218457250328","131.170414399598","Pooled Summ."
"xx","1.74155970868078","0.475384368532117","0.59494521384163","133.957908024307","Pooled Summ."
"xx","1.85294970078574","0.281043061410777","0.623121910891614","136.056443012868","Pooled Summ."
"xx","1.66815618158532","0.314402102977522","0.723911657535119","129.179033097152","Pooled Summ."
"xx","1.53662601387786","0.25163173198412","0.662180976399799","131.918751211123","Pooled Summ."
"xx","1.69700777301872","0.334844950686692","0.638146568617997","128.284535394875","Pooled Summ."
"xx","1.82064557399294","0.377886998814201","0.679817878275599","127.95831477023","Pooled Summ."
"xx","1.79433354119066","0.413142226847319","0.694257174373619","127.853670451341","Pooled Summ."
"xx","1.75513583864421","0.322706283671329","0.602316653921282","130.054453185923","Pooled Summ."
"xx","1.91533297759248","0.423520065225458","0.597971966624468","131.138203951291","Pooled Summ."
"xx","1.76272135398983","0.407468056253694","0.759431215630922","129.7113514849","Pooled Summ."
"xx","1.76132537643954","0.295791432586851","0.662587335309637","129.8673331862","Pooled Summ."
"xx","1.78384590278447","0.362556072930759","0.715019533128329","128.326839346457","Pooled Summ."
"xx","1.8501822025129","0.37496340274869","0.697041494499589","128.747884211631","Pooled Summ."
"xx","1.87690083812066","0.447222660858477","0.814616407227628","132.587696191246","Pooled Summ."
"xx","1.77645891130543","0.351542055569391","0.787526583011782","130.977439500602","Pooled Summ."
"xx","1.67674771987292","0.419269440523667","0.776623187757891","132.233716521427","Pooled Summ."
"xx","1.84800365083141","0.459476725705033","0.656965996068973","128.516480660992","Pooled Summ."
"xx","1.76898643954826","0.261058136774615","0.657093085755856","132.615295001184","Pooled Summ."
"xx","1.75500394404088","0.412048390985372","0.650079325595609","128.044716342295","Pooled Summ."
"xx","1.80972796989051","0.295949722976694","0.65371763527851","131.481609231352","Pooled Summ."
"xx","1.65113707109861","0.250491017175084","0.677831058497407","130.625361343611","Pooled Summ."
"xx","1.69333440850539","0.318131396489831","0.633410545857344","128.68482269853","Pooled Summ."
"xx","1.84852485722152","0.434875902762695","0.594170097076303","129.875543186314","Pooled Summ."
"xx","1.70027508056266","0.365645731370384","0.772076716192197","130.361275818866","Pooled Summ."
"xx","1.74521526007099","0.406156548230708","0.753147471399842","129.626336575209","Pooled Summ."
"xx","1.69252387899437","0.332440426145071","0.66776880827054","128.06330315696","Pooled Summ."
"xx","1.70498019128107","0.432905966667334","0.61997486789839","130.996334042344","Pooled Summ."
"xx","1.82245638692531","0.377864482434574","0.674480495137554","127.959245534543","Pooled Summ."
"xx","1.8323934178517","0.382229527765376","0.580958591207604","130.754050290132","Pooled Summ."
"xx","1.77039846526933","0.349770548761054","0.653161864206211","127.932915019711","Pooled Summ."
"xx","1.83089538241939","0.388282509588073","0.649763042320582","127.995222415336","Pooled Summ."
"xx","1.58103450617798","0.404664991270292","0.688309761491993","133.79182137556","Pooled Summ."
"xx","1.93023473989298","0.390202409253306","0.586010190555434","133.889302695982","Pooled Summ."
"xx","1.74905749847831","0.35005692816628","0.657220857648521","127.753742891566","Pooled Summ."
"xx","1.74681464286229","0.475207081682501","0.719697998294365","131.300331391721","Pooled Summ."
"xx","1.8024080044478","0.342616968880512","0.657778101055033","128.618760350459","Pooled Summ."
"xx","1.78736371972495","0.355147883932758","0.616725521494123","128.783020876817","Pooled Summ."
"xx","1.48709745456882","0.231262230100229","0.765043953059654","134.45939322026","Pooled Summ."
"xx","1.72862348373435","0.290930856483633","0.633125190163452","129.993220421133","Pooled Summ."
"xx","1.71756822287685","0.434704378772814","0.620543747792103","130.607647526919","Pooled Summ."
"xx","1.81219245924591","0.376865754123936","0.701500653011106","128.121191458412","Pooled Summ."
"xx","1.8074286945736","0.516723349794886","0.683069271970049","132.008220968818","Pooled Summ."
"xx","1.73928400116192","0.450955742215015","0.761139125087369","131.358715279696","Pooled Summ."
"xx","1.56380647898842","0.22040847891127","0.745567493204589","132.888351542396","Pooled Summ."
"xx","1.87138621833891","0.387053401622822","0.772661447913869","130.994019492972","Pooled Summ."
"xx","1.92406533073054","0.246039597654969","0.688277384752911","142.607442762445","Pooled Summ."
"xx","1.8146673501745","0.427570994896952","0.778442770022462","130.521478538422","Pooled Summ."
"xx","1.71824247514644","0.345022986276935","0.655873805794826","127.832670378556","Pooled Summ."
"xx","1.84842851968284","0.319535402804523","0.660620149198179","131.258995920568","Pooled Summ."
"xx","1.72099295888233","0.358831356935505","0.623999932926274","128.279961767697","Pooled Summ."
"xx","1.86838220868137","0.371486987336207","0.708882743510053","129.483879401269","Pooled Summ."
"xx","1.71476073454197","0.294294709278569","0.621849200202051","129.969714732782","Pooled Summ."
"xx","1.65962461183263","0.349792235489579","0.707918382341997","128.887361125173","Pooled Summ."
"xx","1.79696183457493","0.363029417924776","0.672272080576375","127.887977607888","Pooled Summ."
"xx","1.60084032722013","0.31264686418925","0.673256822289963","129.679887670552","Pooled Summ."
"xx","1.81543571033977","0.442609904936109","0.639745414617628","128.389565578352","Pooled Summ."
"xx","1.66618342784122","0.312444983345198","0.634529220775869","128.941908943899","Pooled Summ."
"xx","1.7607767769934","0.41673765024983","0.858583147241077","134.733249987192","Pooled Summ."
"xx","1.57527407540927","0.213520385462678","0.683951561584357","132.459647934882","Pooled Summ."
"xx","1.94918239399509","0.412056594757837","0.670060718199321","130.626381994182","Pooled Summ."
"xx","1.68138374753358","0.310857615023152","0.663952392499359","128.480178480294","Pooled Summ."
"xx","1.79633056061331","0.345378390659617","0.634690543215324","128.738905477295","Pooled Summ."
"xx","1.74293715501944","0.338374290808726","0.636889058483851","128.21209251569","Pooled Summ."
"xx","1.63536555642977","0.343919070897495","0.596630170497768","131.075290206961","Pooled Summ."
"xx","1.617295998571","0.227670717915206","0.754615167964203","132.684201257543","Pooled Summ."
"xx","1.78654349084973","0.415970810503047","0.661264581933642","127.732749548961","Pooled Summ."
"xx","1.7486624647511","0.352120165646035","0.596779156292458","129.359975140504","Pooled Summ."
"xx","1.63402704666525","0.371171005151071","0.706265891045075","129.93379444069","Pooled Summ."
"xx","1.76500537492901","0.250445375898928","0.780852418287777","134.548631033191","Pooled Summ."
"xx","1.63300116996127","0.28055358476352","0.683697192680114","129.497067589122","Pooled Summ."
"xx","1.70101934077593","0.262116833825846","0.684188484585784","130.525677579473","Pooled Summ."
"xx","1.83582005446541","0.426373206874155","0.728435440347316","128.748754251048","Pooled Summ."
"xx","1.66256706801904","0.391326506677811","0.731668209328407","130.208837060517","Pooled Summ."
"xx","1.84969427127309","0.332402144876173","0.687008156749486","130.385425391106","Pooled Summ."
"xx","1.66857596372223","0.285068349558311","0.727898158261358","129.895940147847","Pooled Summ."
"xx","1.8070384483432","0.263001681557574","0.802433916651003","135.782749863447","Pooled Summ."
"xx","1.74694608681421","0.327666497667937","0.830620286041055","133.327995041564","Pooled Summ."
"xx","1.61399938869032","0.33342238779527","0.696266489126304","129.59793993604","Pooled Summ."
"xx","1.64292992955226","0.396271662533352","0.774146542970833","132.274986950075","Pooled Summ."
"xx","1.94487136450815","0.46732095075942","0.72392588524693","130.162694578536","Pooled Summ."
"xx","1.91687332880862","0.364455856843423","0.676602644617229","131.331936677119","Pooled Summ."
"xx","1.79953468655406","0.349251137133671","0.586028614003293","130.749203188796","Pooled Summ."
"xx","1.77448790754048","0.34194168869691","0.712253476254146","128.595147711993","Pooled Summ."
"xx","1.64088905487323","0.345886866743658","0.65569230020705","129.021846462397","Pooled Summ."
"xx","1.40914773641027","0.212001672458628","0.745467582667873","136.826660419922","Pooled Summ."
"xx","1.75010242106939","0.329131197517247","0.646783104109024","128.364681084839","Pooled Summ."
"xx","1.76782990104324","0.405161299642433","0.624124575342349","128.246539125446","Pooled Summ."
"xx","1.87111107741233","0.448499307302407","0.601074718957181","129.912260673113","Pooled Summ."
"xx","1.75068378377246","0.418245562280275","0.70044904631206","128.433674169947","Pooled Summ."
"xx","1.81837047341481","0.342834261044976","0.736122126894233","129.869749235399","Pooled Summ."
"xx","1.80439254731726","0.393555480080263","0.690315070643404","127.730149281786","Pooled Summ."
"xx","1.7455146910476","0.299183830202093","0.70769659259429","129.580469995854","Pooled Summ."
"xx","1.60535865557368","0.284360444898422","0.706056221004559","129.954235807851","Pooled Summ."
"xx","1.57160059144731","0.283564014623139","0.883250437224856","137.650796506617","Pooled Summ."
"xx","1.64702526224431","0.26257436832206","0.670773005606861","130.067498946572","Pooled Summ."
"xx","1.83913414457838","0.339945557716569","0.688254085317476","129.663970174208","Pooled Summ."
"xx","1.60364135299764","0.268295409589233","0.711788161818939","130.367374918031","Pooled Summ."
"xx","1.84983225946616","0.538763089218065","0.755959483427371","133.433827959951","Pooled Summ."
"xx","1.64795650246574","0.202327161536867","0.592212368791768","137.535759532732","Pooled Summ."
"xx","1.54113756167445","0.357032941024773","0.711072991389551","133.280264142647","Pooled Summ."
"xx","1.92757626482224","0.541305693793745","0.713317896507233","131.804573663319","Pooled Summ."
"xx","1.78575874809089","0.386897106636134","0.650305429936492","127.57892511429","Pooled Summ."
"xx","1.73859982115905","0.402654030649153","0.599006160957211","129.586063424107","Pooled Summ."
"xx","1.74919087998229","0.31650898663221","0.720109590251158","129.213770182185","Pooled Summ."
"xx","1.91896702333175","0.427406466023833","0.758483995745141","130.798445950129","Pooled Summ."
"xx","1.88154713873122","0.363974082843079","0.634267379627914","130.523420492022","Pooled Summ."
"xx","1.73570372446057","0.31068876884027","0.543293362723313","135.264960511768","Pooled Summ."
"xx","1.57298996739309","0.270152776577715","0.723470996550535","131.004335223027","Pooled Summ."
"xx","1.78613424858437","0.325812365475748","0.619139820126535","129.819202333283","Pooled Summ."
"xx","1.70782512342648","0.290457173742423","0.759877927079481","130.84474759769","Pooled Summ."
"xx","1.72729415866674","0.319584751402348","0.695347029896936","128.47793751486","Pooled Summ."
"xx","1.58147072615838","0.222907680726367","0.763441367877153","133.174339008028","Pooled Summ."
"xx","1.78453003026271","0.404657483808843","0.574510652376202","130.625687058538","Pooled Summ."
"xx","1.6014210650444","0.26127071642245","0.649706411672112","130.605965674695","Pooled Summ."
"xx","1.8790909317906","0.483347548431787","0.7376615950088","130.114912243979","Pooled Summ."
"xx","1.78721950607396","0.440679458607902","0.616966618645682","129.245488985735","Pooled Summ."
"xx","1.86472459383442","0.402546415950961","0.738198123209619","129.398745622998","Pooled Summ."
"xx","1.66540706581329","0.282881429389949","0.593536218610637","131.559961633931","Pooled Summ."
"xx","1.63024049560363","0.300150570664568","0.691332147836425","129.203784001555","Pooled Summ."
"xx","1.83036476997534","0.379704302934301","0.64748367305228","128.173799393753","Pooled Summ."
"xx","1.60284045377831","0.305294641835886","0.64347876773536","129.950824504586","Pooled Summ."
"xx","1.69255905180502","0.249734626194263","0.66647837467712","131.226194004964","Pooled Summ."
"xx","1.84023236767194","0.438706872595221","0.748330222395501","129.50528811625","Pooled Summ."
"xx","1.69685411640841","0.275016392845017","0.80229915200114","132.995348508697","Pooled Summ."
"xx","1.72748970732336","0.379636724373539","0.629660161382029","128.169186961762","Pooled Summ."
"xx","1.62186589808431","0.303537888594623","0.666674715158574","129.246556649104","Pooled Summ."
"xx","1.67696952506772","0.409859490744279","0.831012071060447","134.343206845948","Pooled Summ."
"xx","1.55443447620383","0.215236216555439","0.759664415716003","133.520927407755","Pooled Summ."
"xx","1.75118550059247","0.358502656805014","0.662250462563749","127.624707065501","Pooled Summ."
"xx","1.87894339333913","0.35734831060146","0.755033594209816","131.43726443813","Pooled Summ."
"xx","1.75618008632183","0.402135034537144","0.579907614438458","130.438576408703","Pooled Summ."
"xx","1.76553637832521","0.320264825651898","0.656402805037246","128.802677495925","Pooled Summ."
"xx","1.92719844395006","0.38686745814837","0.6693022954189","130.710470397233","Pooled Summ."
"xx","1.64496074095667","0.344416716278467","0.656038522162918","128.892805936586","Pooled Summ."
"xx","1.71284787052251","0.269984098651297","0.747286981420077","131.310434291887","Pooled Summ."
"xx","1.87405158159076","0.380618595191393","0.640438805137155","129.371769379991","Pooled Summ."
"xx","1.66220491731096","0.268549916374531","0.674059677481836","129.832613221864","Pooled Summ."
"xx","1.77655829728142","0.471060517566494","0.652842931623113","130.0703537022","Pooled Summ."
"xx","1.65918899918689","0.48362451374259","0.779430542933958","136.598075613944","Pooled Summ."
"xx","1.84988108981511","0.51427442173907","0.666448313209599","130.953662710157","Pooled Summ."
"xx","1.73949003441897","0.294694739751205","0.645986872795606","129.689245364473","Pooled Summ."
"xx","1.79679048759463","0.452449719357088","0.66233985383499","128.651127523218","Pooled Summ."
"xx","1.68120787185216","0.417155889994814","0.698820903715379","130.038036756483","Pooled Summ."
"xx","1.95625394353512","0.476782710461917","0.583997519273439","133.069912329441","Pooled Summ."
"xx","1.89348312634683","0.379458679678158","0.703647556031226","129.872572889794","Pooled Summ."
"xx","1.67890903626275","0.349914883153036","0.653053759704817","128.25460634286","Pooled Summ."
"xx","1.77896352293668","0.36903806450224","0.59527646235479","129.329610953","Pooled Summ."
"xx","1.79851163989308","0.406443565604948","0.607371534192534","128.716453436506","Pooled Summ."
"xx","1.71787259506167","0.39129339921198","0.669573359915394","128.06379703446","Pooled Summ."
"xx","1.87645622597762","0.560161378376383","0.70146774493293","133.565567543319","Pooled Summ."
"xx","1.56936123891177","0.343362813292416","0.684413199705487","131.33024727231","Pooled Summ."
"xx","1.65720443015144","0.381436302648101","0.668337759950712","129.303527525836","Pooled Summ."
"xx","1.75435846203152","0.302179232157309","0.781668997376625","131.777654198313","Pooled Summ."
"xx","1.64704439010566","0.238970241714914","0.72255200634582","131.544291132653","Pooled Summ."
"xx","1.78086558973902","0.421726594740852","0.661538639920144","127.891231510711","Pooled Summ."
"xx","2.08672242716296","0.541235118962233","0.711209517173225","134.400612338056","Pooled Summ."
"xx","1.70131191264996","0.28942402093356","0.621506152462313","130.072993442862","Pooled Summ."
"xx","1.70861433644254","0.426230361365199","0.727681865893078","130.116750423082","Pooled Summ."
"xx","1.87088915987844","0.374091105157754","0.642119635038797","129.47970604095","Pooled Summ."
"xx","1.62908761081262","0.27633605912157","0.649655357293986","129.847770149799","Pooled Summ."
"xx","1.72018736504456","0.297981867994912","0.643187362170746","129.284944815708","Pooled Summ."
"xx","1.89739427303902","0.423697327633994","0.722079248712273","129.322432034554","Pooled Summ."
"xx","1.80905264305945","0.3809709163121","0.634128807009114","128.044763348832","Pooled Summ."
"xx","1.98441683626054","0.53286829709323","0.71317117749813","131.73113143511","Pooled Summ."
"xx","1.7847472980262","0.344773762229959","0.61158514717418","129.265806163189","Pooled Summ."
"xx","1.68717199532495","0.350453295531155","0.695970026562332","128.253046045729","Pooled Summ."
"xx","1.62056056811925","0.26679739182317","0.682208495810289","129.981173812423","Pooled Summ."
"xx","1.71326852192936","0.362591490035803","0.734953073608108","128.885011917702","Pooled Summ."
"xx","1.84242598043003","0.321286986777095","0.64343326635764","131.224866449499","Pooled Summ."
"xx","1.59389367601927","0.262201312696692","0.770180547419205","132.147587382714","Pooled Summ."
"xx","1.72272553496649","0.371094539842944","0.68697332515831","127.82767630108","Pooled Summ."
"xx","1.68951141060384","0.319070535360055","0.631350814259034","128.728652598111","Pooled Summ."
"xx","1.60961427580897","0.307681145447131","0.604201712131549","131.171928842749","Pooled Summ."
"xx","1.51054871785188","0.351562971437519","0.787711846163225","136.109821753291","Pooled Summ."
"xx","1.91347466006706","0.377602216928266","0.653035472942972","130.754862535487","Pooled Summ."
"xx","1.78114302971268","0.398548904165885","0.649526067646317","127.61427848136","Pooled Summ."
"xx","1.78854802734158","0.354758607573049","0.723871267892626","128.731034955724","Pooled Summ."
"xx","1.67620941831311","0.355050968830657","0.689408094957327","128.367462639225","Pooled Summ."
"xx","1.88194041857251","0.33800264379302","0.752878036290729","132.334211912885","Pooled Summ."
"xx","1.77893914105998","0.435979806235821","0.655425619724802","128.35554683003","Pooled Summ."
"xx","1.58351409400929","0.315835005486083","0.668511732770522","130.240836692564","Pooled Summ."
"xx","1.71803778525016","0.390392001614915","0.698623891901276","128.279734886543","Pooled Summ."
"xx","1.8172602480852","0.358894510219852","0.580877929225085","131.153813697597","Pooled Summ."
"xx","1.73407969595859","0.338448359265135","0.702917503424576","128.205065095253","Pooled Summ."
"xx","1.7896325681486","0.353407658437536","0.856585426280309","134.631892591579","Pooled Summ."
"xx","1.75410795366704","0.288849773735222","0.682924888116195","130.024312002737","Pooled Summ."
"xx","1.76967727568289","0.433085562166092","0.707488485975311","128.696127159152","Pooled Summ."
"xx","1.87308028581928","0.376121824190672","0.683054892053728","129.179041858918","Pooled Summ."
"xx","1.67505687156348","0.247061795452447","0.616294840766494","132.522437380619","Pooled Summ."
"xx","1.74148682750255","0.308679356227724","0.762219751767686","130.643886568341","Pooled Summ."
"xx","1.89681170398231","0.434602195530602","0.648275890051573","128.76754024284","Pooled Summ."
"xx","1.93578450930972","0.438583957692709","0.77067166337789","131.488370678633","Pooled Summ."
"xx","1.79793703080414","0.383839980019967","0.823501770174854","132.532898657921","Pooled Summ."
"xx","1.69636482384733","0.304739712579199","0.641996858448105","128.874115005761","Pooled Summ."
"xx","1.78069327220648","0.491521239730734","0.775063617409314","132.806065334151","Pooled Summ."
"xx","1.69153776552092","0.361582024710546","0.822398053959141","132.786404123541","Pooled Summ."
"xx","1.7617235785172","0.398151043092157","0.783319206197964","130.595875812017","Pooled Summ."
"xx","1.77122740647328","0.378903040251994","0.651263291492261","127.564227136872","Pooled Summ."
"xx","1.75109598785627","0.40140460701647","0.708502954584758","128.215354851413","Pooled Summ."
"xx","2.00628062639682","0.449425063054017","0.631625089812623","132.874438910869","Pooled Summ."
"xx","1.83525513366061","0.440507232543383","0.685945017552833","128.115339879784","Pooled Summ."
"xx","1.6205810685827","0.328737389568301","0.725343232498429","129.882487186473","Pooled Summ."
"xx","1.57120064913387","0.340162073195541","0.760299229706522","132.425640105655","Pooled Summ."
"xx","1.60452189468135","0.313105465362429","0.720860363230421","130.064352753365","Pooled Summ."
"xx","1.57775763763683","0.255204214215963","0.626204631752334","131.825572866194","Pooled Summ."
"xx","1.55881869290978","0.28210671690785","0.60094861185581","133.09813167941","Pooled Summ."
"xx","1.65106039140612","0.241257890713648","0.705073192188509","131.214149528033","Pooled Summ."
"xx","1.6555938298279","0.349392314440447","0.678205809413459","128.637359057148","Pooled Summ."
"xx","1.82359668858135","0.320569603488469","0.653059342995136","130.355516148617","Pooled Summ."
"xx","2.01385994982103","0.444962866179161","0.676974337179819","132.383663864271","Pooled Summ."
"xx","1.62908635143196","0.365816729545187","0.774284498451852","131.784425545057","Pooled Summ."
"xx","1.62302477982778","0.317128076835353","0.644975797568397","129.408905411256","Pooled Summ."
"xx","1.69928365877017","0.34735251102245","0.64648239382291","128.044568613019","Pooled Summ."
"xx","1.73474419836665","0.231188793356946","0.689045133658997","133.547608881751","Pooled Summ."
"xx","1.56443014264655","0.278976333784223","0.682772307407655","130.687739571677","Pooled Summ."
"xx","1.56981059328435","0.216351893544684","0.7494772172175","133.101744060111","Pooled Summ."
"xx","1.56212069977137","0.247669475912838","0.794610776094773","133.746388560071","Pooled Summ."
"xx","1.89377355378835","0.483751606651875","0.684316605188123","129.228273446643","Pooled Summ."
"xx","1.74235507903453","0.414973576270084","0.626031288864313","128.820405539802","Pooled Summ."
"xx","1.78349932415728","0.257825953196093","0.617984053045716","134.960839727733","Pooled Summ."
"xx","1.74996825265052","0.505671828862104","0.703450712249363","133.121893876666","Pooled Summ."
"xx","1.85028147981992","0.46443541892099","0.733131188306611","129.517170153914","Pooled Summ."
"xx","1.81804214277316","0.490706261621742","0.752134206245496","131.290025065373","Pooled Summ."
"xx","1.74640740000655","0.311307183519372","0.785344713921598","131.534927552356","Pooled Summ."
"xx","1.80492300993273","0.378520280538648","0.669703894814681","127.706879514067","Pooled Summ."
"xx","1.63268064475921","0.207410326558795","0.904548172557433","140.404005082838","Pooled Summ."
"xx","1.69522476716254","0.249112070712519","0.718122062971031","131.477900380395","Pooled Summ."
"xx","1.74333848098701","0.419418595973038","0.735117076727696","129.3624155146","Pooled Summ."
"xx","1.7120073789877","0.327399924201446","0.667726694909879","128.067558409185","Pooled Summ."
"xx","1.67449759033836","0.282055000783274","0.624447192470503","130.13818221938","Pooled Summ."
"xx","1.84855985296168","0.435411801622028","0.774210000656857","130.478316110066","Pooled Summ."
"xx","1.84920396579145","0.405825443961618","0.665372800478507","127.969422355979","Pooled Summ."
"xx","1.76924839410256","0.333229141805064","0.698150824900288","128.523904018869","Pooled Summ."
"xx","1.89478118742206","0.550305120766466","0.691047436144851","132.500299053727","Pooled Summ."
"xx","1.6853000995878","0.31429837544705","0.615692725641496","129.344152579595","Pooled Summ."
"xx","1.82269111047987","0.377853722039647","0.707287880954228","128.347527558124","Pooled Summ."
"xx","1.7093540746592","0.433878377331261","0.714310922587908","130.147250797787","Pooled Summ."
"xx","1.74562793950106","0.427007224432382","0.733725742191186","129.501668489915","Pooled Summ."
"xx","1.67470756905022","0.415989480208878","0.642227923639758","130.522656799527","Pooled Summ."
"xx","1.72319763144508","0.377153962136068","0.633697418971699","128.104563301872","Pooled Summ."
"xx","1.80695532918957","0.426855911834171","0.69518967449086","128.026702027654","Pooled Summ."
"xx","1.74897770070363","0.377119811106154","0.686148543339928","127.65663524353","Pooled Summ."
"xx","1.71286161356889","0.312479789064524","0.66627900978816","128.442552022751","Pooled Summ."
"xx","1.76593602554862","0.431005640019674","0.566199970160412","132.334886023637","Pooled Summ."
"xx","1.9520881653681","0.580259203138167","0.593614699820243","137.80224236772","Pooled Summ."
"xx","1.77151873233122","0.462826651390771","0.77777353474655","131.79754344842","Pooled Summ."
"xx","1.89682654225004","0.471947382048784","0.586218411298249","131.576510708262","Pooled Summ."
"xx","1.78293315837551","0.332685836037144","0.653150042587035","128.650626148432","Pooled Summ."
"xx","1.74198086142745","0.319084497232687","0.700871178411188","128.686808023737","Pooled Summ."
"xx","1.66025596433422","0.335175202807515","0.716530480240779","128.969946362105","Pooled Summ."
"xx","1.83767457312627","0.387153439656794","0.684854634345439","128.100863487331","Pooled Summ."
"xx","1.96112659327364","0.464315140932232","0.675224167517213","130.035700043551","Pooled Summ."
"xx","1.74983081794239","0.425893437913538","0.729636182459209","129.286567822906","Pooled Summ."
"xx","1.75408622040369","0.419778089729555","0.654829568872805","128.228493562823","Pooled Summ."
"xx","1.65469048392314","0.202669958414637","0.738125208740859","134.108218487248","Pooled Summ."
"xx","1.75221427404643","0.36345367269443","0.632197929497487","127.929515062124","Pooled Summ."
"xx","1.89492289456313","0.436131801438287","0.726319249640928","129.310058434086","Pooled Summ."
"xx","1.73337925000158","0.296649596152661","0.691846938278925","129.310826866562","Pooled Summ."
"xx","1.90276428484481","0.592312557627108","0.798417815143965","137.259630139636","Pooled Summ."
"xx","1.65364003527397","0.26681136890075","0.670629053288429","129.896332188134","Pooled Summ."
"xx","1.72863366082538","0.321900702775477","0.707081368194414","128.6096151044","Pooled Summ."
"xx","1.72802245206305","0.358423867178383","0.754859079972799","129.462600023241","Pooled Summ."
"xx","1.9411750841672","0.417694541303951","0.645883846107466","130.448292827043","Pooled Summ."
"xx","1.90572342327475","0.407534780637606","0.710938038887348","129.539470428355","Pooled Summ."
"xx","1.73857190097396","0.386386380232623","0.662287991516823","127.695613697551","Pooled Summ."
"xx","1.59832273916752","0.277975680494202","0.659043312172298","130.084604028343","Pooled Summ."
"xx","1.78108713611274","0.352385969276595","0.684407826345559","127.999923095544","Pooled Summ."
"xx","1.69023111065942","0.424376361153155","0.677597531052557","129.973164010457","Pooled Summ."
"xx","1.73683778986131","0.447026705044087","0.763061092815498","131.318844441222","Pooled Summ."
"xx","1.58289539239299","0.241875844820606","0.692066081663147","131.167421890662","Pooled Summ."
"xx","1.82073708772106","0.43775210841999","0.666123908079845","127.994992897981","Pooled Summ."
"xx","1.63432582060938","0.343159640683703","0.764275055899843","130.900972398077","Pooled Summ."
"xx","1.7682131585917","0.428155373634491","0.77846518976637","130.80721336845","Pooled Summ."
"xx","1.75288401843308","0.393314109291501","0.622631372012682","128.243606702607","Pooled Summ."
"xx","1.70683186014911","0.412480151488993","0.74143751059647","130.039238317442","Pooled Summ."
"xx","1.77256850125691","0.285692420652732","0.750224445758763","131.734139527445","Pooled Summ."
"xx","1.87548883269069","0.483131353097864","0.573700078880051","132.839201793927","Pooled Summ."
"xx","1.69785157791209","0.261408171646354","0.646310317947866","130.887984823664","Pooled Summ."
"xx","1.72945663654252","0.274498754514156","0.67479422805379","130.325581334978","Pooled Summ."
"xx","1.56408440175692","0.35521494748817","0.611271463414035","133.999431008939","Pooled Summ."
"xx","1.90916747086709","0.333461103227775","0.658180141543336","133.236467919643","Pooled Summ."
"xx","1.80895002089959","0.358520478968449","0.657288600062783","128.219985143515","Pooled Summ."
"xx","1.79354031079893","0.442863029923589","0.739472453875008","129.479356358523","Pooled Summ."
"xx","1.78446817263738","0.354258737756966","0.712649257316799","128.430723203336","Pooled Summ."
"xx","1.79128430764615","0.370705915938817","0.672433933162019","127.689063958463","Pooled Summ."
"xx","1.77771069548194","0.284622454099186","0.651875754064131","131.193566362506","Pooled Summ."
"xx","2.05902610323655","0.504325002684421","0.682995541703702","133.287472978914","Pooled Summ."
"xx","1.95268514579495","0.448477563731654","0.629446632280743","130.642951727104","Pooled Summ."
"xx","1.50334533690869","0.270184301056881","0.718011558428373","132.833568971131","Pooled Summ."
"xx","1.90837500162671","0.270005336430227","0.765836200453291","138.590742259925","Pooled Summ."
"xx","1.67476144708943","0.346612743441772","0.703723657453876","128.533047322326","Pooled Summ."
"xx","1.67686079549263","0.351056029161734","0.678501689542281","128.241743407283","Pooled Summ."
"xx","1.9154548255234","0.485675684395533","0.739588235904869","130.366866196851","Pooled Summ."
"xx","1.83854443917392","0.36258172680474","0.567970649743228","132.672582232673","Pooled Summ."
"xx","1.61222287727065","0.253049735568451","0.676894797882654","130.515170785888","Pooled Summ."
"xx","1.85899240879683","0.388603869579573","0.702113662129215","128.68362772385","Pooled Summ."
"xx","1.87537149530665","0.433690449692382","0.604638509395896","129.65729163208","Pooled Summ."
"xx","1.71383007196282","0.307905525970895","0.76883369559463","130.704554317318","Pooled Summ."
"xx","1.80151739136635","0.390781233754218","0.690253194002688","127.723289605096","Pooled Summ."
"xx","1.60908142300163","0.276834319765248","0.719020979836788","130.248593853928","Pooled Summ."
"xx","1.74623880767177","0.435424017001184","0.697176481923547","129.029013065986","Pooled Summ."
"xx","1.74252163371377","0.362414803438862","0.608501247255697","128.686494211867","Pooled Summ."
"xx","1.5864680716208","0.281043381538182","0.620746327629817","131.255071428922","Pooled Summ."
"xx","2.0175056217563","0.479699026006872","0.746956915099753","132.57821683216","Pooled Summ."
"xx","1.83425994641981","0.337618449772714","0.679509684251394","129.594502031269","Pooled Summ."
"xx","1.76594351425897","0.403045655745084","0.707972093490798","128.101599087355","Pooled Summ."
"xx","1.66352763343949","0.334644629524321","0.643685112162276","128.599639006562","Pooled Summ."
"xx","1.64982456577351","0.270486055470749","0.735684277487209","130.542216154697","Pooled Summ."
"xx","1.70643116207064","0.295987135671856","0.659265083877856","129.016724790454","Pooled Summ."
"xx","1.73545856339081","0.335654359905725","0.655191847282659","127.990663831924","Pooled Summ."
"xx","1.69959140182946","0.357141736134043","0.633429789656676","128.277215056094","Pooled Summ."
"xx","1.73301395128849","0.385550399204404","0.776674401090717","130.39171235413","Pooled Summ."
"xx","1.78798016519239","0.42733487118164","0.610758446171475","129.021420169366","Pooled Summ."
"xx","1.61480005913889","0.240413024983648","0.785932824436938","133.226917569835","Pooled Summ."
"xx","1.82193438859628","0.301351641569973","0.718644412616492","131.535357992077","Pooled Summ."
"xx","2.08111841751845","0.519186544045282","0.740482143843024","134.448731845089","Pooled Summ."
"xx","1.70009507785741","0.342813919722765","0.667894448874072","127.920802085813","Pooled Summ."
"xx","1.72380925515831","0.340755881762572","0.635409604953028","128.148195159762","Pooled Summ."
"xx","1.63164516171885","0.300152739074801","0.710654497003964","129.444100025415","Pooled Summ."
"xx","1.79544073006311","0.285833409394937","0.660249342627132","131.577249556732","Pooled Summ."
"xx","1.84242392400199","0.378691995531885","0.612500943222024","129.37005519106","Pooled Summ."
"xx","1.69985605642242","0.432264616170528","0.669119364701634","130.07481126543","Pooled Summ."
"xx","1.77806587119016","0.331219941967101","0.736786563445635","129.558379203688","Pooled Summ."
"xx","1.69126035604852","0.397564640021172","0.732144820197506","129.682497396818","Pooled Summ."
"xx","1.65896429384828","0.3519756923487","0.602655150960682","130.161641249272","Pooled Summ."
"xx","2.03646515806542","0.498405784827411","0.745948275882926","133.060562356095","Pooled Summ."
"xx","1.67837551904242","0.314836467679645","0.699307550065885","128.621859847928","Pooled Summ."
"xx","1.64009899049323","0.336754821649809","0.710840771159519","129.218645794134","Pooled Summ."
"xx","1.88106311334638","0.453045438499336","0.740955495026127","129.634545521427","Pooled Summ."
"xx","1.7105289866741","0.471226541130608","0.632969469425952","133.070198527101","Pooled Summ."
"xx","1.72062644930891","0.367880430733288","0.586037856027786","130.014006922209","Pooled Summ."
"xx","1.74678321059763","0.352889282010151","0.772150880389016","130.155182391279","Pooled Summ."
"xx","1.70673990119037","0.364184556671756","0.678961623904742","127.894365565573","Pooled Summ."
"xx","1.71093435422187","0.291269034773527","0.677850757217524","129.19348560405","Pooled Summ."
"xx","1.665675466874","0.449753718212014","0.676891069224673","132.575411489748","Pooled Summ."
"xx","1.63494217605561","0.353423057240808","0.579507164366768","132.464798042925","Pooled Summ."
"xx","1.91803860433069","0.462177193615767","0.654324815552707","129.166208577673","Pooled Summ."
"xx","1.91296012016656","0.381496761066857","0.677547672768187","130.32684720377","Pooled Summ."
"xx","1.87422861647576","0.331170668984703","0.711337411051525","131.559609592471","Pooled Summ."
"xx","1.83274062349099","0.386528202458065","0.689672549763402","128.081400594908","Pooled Summ."
"xx","1.4947530589043","0.299417051618718","0.794041490822602","135.418100959672","Pooled Summ."
"xx","1.65326436018422","0.285581058551625","0.66788944570452","129.23100489016","Pooled Summ."
"xx","1.80957262234489","0.372451240224357","0.703754203390627","128.200301870235","Pooled Summ."
"xx","1.59647888130369","0.261798904413316","0.604030333719114","132.330219740171","Pooled Summ."
"xx","1.61326195064965","0.315474215724526","0.684527372019411","129.393232801468","Pooled Summ."
"xx","1.84021527994632","0.397617057276491","0.679848293435744","127.955779533185","Pooled Summ."
"xx","1.67684004470948","0.34198986131915","0.722820121870397","128.896171167242","Pooled Summ."
"xx","1.80127037968369","0.405302758735125","0.632195698137314","127.92640130783","Pooled Summ."
"xx","2.26760738147552","0.636223828973681","0.762043478302829","143.502673996513","Pooled Summ."
"xx","1.67320292385947","0.339742990174739","0.652315043602182","128.325293248222","Pooled Summ."
"xx","1.66791936740356","0.343683052671893","0.67582390410926","128.34190472888","Pooled Summ."
"xx","2.04386525826347","0.508863526228029","0.700387485363631","132.656943609447","Pooled Summ."
"xx","1.73288730262641","0.403125717193456","0.824679045097717","132.914773223443","Pooled Summ."
"xx","1.82243340981738","0.427979707027195","0.729052321036493","128.749951120685","Pooled Summ."
"xx","1.62960334617579","0.309242326504667","0.665141348700995","129.068113653599","Pooled Summ."
"xx","1.91671117654938","0.506496065977873","0.751697604292167","131.255349611001","Pooled Summ."
"xx","1.61385620766547","0.265807816761768","0.649123958186467","130.332172008593","Pooled Summ."
"xx","1.6942824521026","0.273063701095861","0.606594745925845","131.540420945203","Pooled Summ."
"xx","1.73645369849994","0.279344531788205","0.653982865563544","130.374305953832","Pooled Summ."
"xx","1.83734523867218","0.486693230244378","0.652908417715014","129.722709433783","Pooled Summ."
"xx","1.81988714122188","0.406780314747421","0.682742400508223","127.72345702702","Pooled Summ."
"xx","1.66733811013896","0.224891976585891","0.681076963419148","132.374644467534","Pooled Summ."
"xx","1.71678526115303","0.273245331115117","0.573526148635915","134.244173837631","Pooled Summ."
"xx","1.63958976064522","0.337191118995065","0.704611215476541","129.125950598922","Pooled Summ."
"xx","1.84387744320842","0.383995486139163","0.639632801012477","128.47301737323","Pooled Summ."
"xx","1.91904013947016","0.410332743226612","0.609967704228947","131.000860226546","Pooled Summ."
"xx","1.8276678268968","0.493406128923137","0.58003329387102","133.541036063299","Pooled Summ."
"xx","1.64809308455946","0.295658888734301","0.697488496717071","129.145406159027","Pooled Summ."
"xx","1.77842006844769","0.457802470581251","0.730901330275731","129.937270060619","Pooled Summ."
"xx","1.73789083240153","0.33489838594259","0.622068946093923","128.644458731238","Pooled Summ."
"xx","1.79859720330811","0.436690181315219","0.682640487386154","128.14659316114","Pooled Summ."
"xx","2.01284567024393","0.505905129103817","0.673956642614491","131.669624495049","Pooled Summ."
"xx","1.5071082833672","0.247873511396591","0.603222318665049","135.293215747389","Pooled Summ."
"xx","1.78149698486442","0.365330924234696","0.650436142268853","127.752681263374","Pooled Summ."
"xx","1.78743469508418","0.453396696006878","0.689207850843689","128.880441407751","Pooled Summ."
"xx","1.61530479831786","0.289500584184007","0.587555112033273","132.249149245393","Pooled Summ."
"xx","1.6864829810068","0.370741739315892","0.700992320781345","128.525433231596","Pooled Summ."
"xx","1.83267110238889","0.401932101099013","0.684116885469229","127.857077019424","Pooled Summ."
"xx","1.76270578820518","0.413208828718604","0.666283238428968","127.879742413383","Pooled Summ."
"xx","1.72036601584485","0.332273223715864","0.613660046927815","128.941128995368","Pooled Summ."
"xx","1.60320748147657","0.297499904037862","0.77714682808136","131.830971393636","Pooled Summ."
"xx","1.64617044598453","0.337886263550298","0.585349169753773","131.369790821269","Pooled Summ."
"xx","1.52694690509018","0.238742341206893","0.711963945941845","132.318815863017","Pooled Summ."
"xx","1.56246196034967","0.22302282811613","0.790188567266739","134.20034484815","Pooled Summ."
"xx","1.80352488692518","0.429745628730679","0.62214193258504","128.552739043668","Pooled Summ."
"xx","1.64283677654819","0.271042389152554","0.698643819718719","129.84023335489","Pooled Summ."
"xx","1.91597165063363","0.374952890679625","0.671133701037706","130.777329125091","Pooled Summ."
"xx","1.65642207854365","0.40581824920249","0.680558576231277","130.292659635807","Pooled Summ."
"xx","1.7633616483544","0.451000587863165","0.75300843335895","130.593224217519","Pooled Summ."
"xx","1.88191806802447","0.375568352424721","0.733823307050287","130.258746724933","Pooled Summ."
"xx","1.82742864648601","0.505415000205076","0.786395961463178","133.030216690454","Pooled Summ."
"xx","1.79174616853895","0.306348501096212","0.645533894223865","130.317592763641","Pooled Summ."
"xx","1.58087906498468","0.301445673686","0.744882662548318","131.173158691106","Pooled Summ."
"xx","1.94271162445211","0.467224175641811","0.644614787732855","129.876378027613","Pooled Summ."
"xx","1.77204243188717","0.376012632919052","0.696489942478295","127.766722514268","Pooled Summ."
"xx","1.71817182328359","0.317922287762343","0.666428392632057","128.308271365282","Pooled Summ."
"xx","2.02782937568518","0.531030379482684","0.70693250259359","132.437502172365","Pooled Summ."
"xx","1.85884740202808","0.401708461184697","0.77112254744078","130.485878406872","Pooled Summ."
"xx","1.80656270599238","0.275471318517718","0.684008632120862","132.565450002144","Pooled Summ."
"xx","1.82090693069685","0.371095646941005","0.705478912093671","128.416205137623","Pooled Summ."
"xx","1.66669030783035","0.317809689078359","0.690058548532326","128.551853184638","Pooled Summ."
"xx","1.75739317623133","0.236277408012369","0.681364859531257","133.970057960457","Pooled Summ."
"xx","1.83303433013032","0.42558001025779","0.616875658345692","128.638036062318","Pooled Summ."
"xx","1.8840119291576","0.362257709326603","0.760767057333271","131.585931683233","Pooled Summ."
"xx","1.76516316211043","0.371120703203194","0.619771108095319","128.211528272309","Pooled Summ."
"xx","1.9267607977","0.502957281943673","0.621646563324256","131.010604479231","Pooled Summ."
"xx","1.52143563217819","0.309103737609274","0.752281611770278","133.299796447285","Pooled Summ."
"xx","1.68890419129917","0.363527391119008","0.816904827614919","132.547085712443","Pooled Summ."
"xx","1.73332135106788","0.359783048476703","0.664745246905239","127.632545849237","Pooled Summ."
"xx","1.71491312031569","0.356894368049373","0.63834813600428","128.001303224483","Pooled Summ."
"xx","1.64871976600191","0.267434138108039","0.568822437189231","134.244914510581","Pooled Summ."
"xx","2.03443233792459","0.451027042429304","0.716159031998614","133.223167501745","Pooled Summ."
"xx","1.73221497857776","0.32378793137054","0.775584064674182","130.699147699021","Pooled Summ."
"xx","1.81889874910793","0.396042875283073","0.668105164277304","127.672321036996","Pooled Summ."
"xx","1.92154193376662","0.518718709532626","0.58080725092476","134.16328077558","Pooled Summ."
"xx","1.7347449333268","0.406781483265272","0.645041119821379","128.304769036523","Pooled Summ."
"xx","1.65335827545339","0.261099172935958","0.713122012777405","130.407044175137","Pooled Summ."
"xx","1.81958088652599","0.395003262968721","0.631841296703284","128.059586863157","Pooled Summ."
"xx","1.7030849147949","0.36650756243258","0.761954257335782","129.934244012718","Pooled Summ."
"xx","1.65277964818712","0.335197413736508","0.672734892876568","128.576191603935","Pooled Summ."
"xx","1.92172185139072","0.488232916130299","0.722955504203892","130.05595424183","Pooled Summ."
"xx","1.65311431889693","0.311405536844699","0.599723644566031","130.435727840598","Pooled Summ."
"xx","1.78018836998939","0.426760965247823","0.647351193830888","128.140578514358","Pooled Summ."
"xx","1.88028713593457","0.362300842699051","0.673037790835036","129.962810793009","Pooled Summ."
"xx","1.73678025762542","0.320877057587726","0.694691683768673","128.500145153077","Pooled Summ."
"xx","1.71142565193147","0.388291009927688","0.571185078478835","131.617792207246","Pooled Summ."
"xx","1.72727270096286","0.324955423693017","0.650467008518957","128.261322811267","Pooled Summ."
"xx","1.79225031445612","0.375980437587159","0.744520636414326","129.064148665707","Pooled Summ."
"xx","1.67266403502664","0.360665213227433","0.659215634433775","128.436364468621","Pooled Summ."
"xx","1.63597662815525","0.266877604595696","0.652802843313851","130.083430972418","Pooled Summ."
"xx","1.57015634600544","0.2436126453346","0.724330393529873","131.616945470654","Pooled Summ."
"xx","1.71433322033159","0.342128577820877","0.687411764501968","127.947572914719","Pooled Summ."
"xx","1.63498228525461","0.268305867900221","0.669763805813942","129.865011323749","Pooled Summ."
"xx","1.90955169012443","0.496286126696561","0.642095353039885","130.026780907688","Pooled Summ."
"xx","1.61055583659127","0.294401806855659","0.708108427117521","129.778126539073","Pooled Summ."
"xx","1.73496771124156","0.268678676158247","0.64947641285438","131.120617464762","Pooled Summ."
"xx","1.78316374801924","0.397314907737359","0.70000110559088","127.831379880609","Pooled Summ."
"xx","1.52620758091828","0.298544877117212","0.762236717022789","133.228833604368","Pooled Summ."
"xx","1.83603968168693","0.457128584227585","0.798626897660201","131.867543758573","Pooled Summ."
"xx","1.68183438995205","0.336905962324375","0.583450435599152","130.717567165761","Pooled Summ."
"xx","1.84244756587013","0.379383652555267","0.748755204315428","129.737293872096","Pooled Summ."
"xx","1.55527598636439","0.313629509347009","0.725995551382344","131.566785736161","Pooled Summ."
"xx","1.76589692133686","0.314039472427884","0.57262030907791","132.713148110848","Pooled Summ."
"xx","1.56879362184689","0.274723873885501","0.656125103486566","130.816121092519","Pooled Summ."
"xx","1.72356493206458","0.36238288005685","0.626553002248449","128.185807975979","Pooled Summ."
"xx","1.63655799375896","0.321999701365135","0.781864839769889","131.444579922244","Pooled Summ."
"xx","1.7663973057772","0.271278055737635","0.769583359052149","132.966482150074","Pooled Summ."
"xx","1.88501721421882","0.435230657744643","0.638712436763032","128.701669556853","Pooled Summ."
"xx","1.7845701456293","0.327187022341597","0.657847762205446","128.864027085502","Pooled Summ."
"xx","1.82401062484695","0.345509007412736","0.679706073494722","128.964277899684","Pooled Summ."
"xx","1.65677296480353","0.312268629771936","0.762356163887273","130.489711458","Pooled Summ."
"xx","1.72729841943427","0.365387059347587","0.660504657978415","127.666338100052","Pooled Summ."
"xx","1.73684985516454","0.232776615031229","0.647797024857078","134.196358771936","Pooled Summ."
"xx","1.82246910355153","0.393203035109356","0.72223448057472","128.491338286036","Pooled Summ."
"xx","1.88403925540622","0.460548962689307","0.734969421443866","129.573642286523","Pooled Summ."
"xx","1.67775888970933","0.344243397534299","0.662945858952283","128.186740013464","Pooled Summ."
"xx","1.59770132485044","0.292876420418374","0.726916691051844","130.379562081064","Pooled Summ."
"xx","1.67162756405405","0.300773431116628","0.639599605676123","129.057646433242","Pooled Summ."
"xx","1.75998993200141","0.387496645821509","0.623493499470482","128.104532497863","Pooled Summ."
"xx","2.09581415011799","0.513616069295796","0.72255149641995","134.850725115753","Pooled Summ."
"xx","1.73424882664345","0.369354395696618","0.702387071604778","127.953235221691","Pooled Summ."
"xx","1.6992235988237","0.383495782908528","0.882497141829426","136.308230003675","Pooled Summ."
"xx","1.78653715419712","0.457323819344536","0.780672217879835","131.483045347069","Pooled Summ."
"xx","1.65755033685841","0.284147587601719","0.615994277934131","130.365869958471","Pooled Summ."
"xx","1.83649455740403","0.414176498790868","0.635168633221799","128.096585142443","Pooled Summ."
"xx","1.7931350705783","0.353281516834438","0.684608776769875","128.13344883006","Pooled Summ."
"xx","1.98238660215461","0.353687189849503","0.664666854891325","135.996769985948","Pooled Summ."
"xx","1.8534279458207","0.438023915994287","0.665689796411936","128.060450956763","Pooled Summ."
"xx","1.56627112442958","0.288638825352265","0.674283603028524","130.612525586068","Pooled Summ."
"xx","1.74942946015975","0.374165646347393","0.736841667457106","128.750331951294","Pooled Summ."
"xx","1.83310024625805","0.391575478851979","0.636653137633413","128.1802165431","Pooled Summ."
"xx","1.63610417452143","0.264996953730684","0.6585559369395","130.07826419613","Pooled Summ."
"xx","1.63860780870955","0.271566757733418","0.764342993991694","131.415036959256","Pooled Summ."
"xx","1.96941466581544","0.43178121669728","0.656723266586811","130.998020965486","Pooled Summ."
"xx","1.87651498963299","0.371779959203425","0.709071278391144","129.706551917314","Pooled Summ."
"xx","1.70471372146348","0.401560753150484","0.71728335186372","129.136467609874","Pooled Summ."
"xx","1.57832223275434","0.316923946179912","0.590965376733863","133.179776845925","Pooled Summ."
"xx","1.61726998579217","0.347896881634803","0.77758259066362","131.855341514954","Pooled Summ."
"xx","1.5605196499939","0.263930200385237","0.650162793816091","131.292846334855","Pooled Summ."
"xx","1.78311363690614","0.42253179309014","0.651035762923781","127.959603311457","Pooled Summ."
"xx","1.88573013154726","0.526553283432947","0.664122669339357","131.229786261918","Pooled Summ."
"xx","1.85436926199307","0.396779454601903","0.587615953522941","130.49245057682","Pooled Summ."
"xx","1.76013866985113","0.396250689524557","0.725376699635477","128.475950764162","Pooled Summ."
"xx","1.9512231644502","0.388380949436235","0.646009579084574","132.156643944945","Pooled Summ."
"xx","1.66295247956087","0.298892649328329","0.661838696898471","128.853367989379","Pooled Summ."
"xx","1.83271918372671","0.441508266857051","0.785995260140902","131.023412285849","Pooled Summ."
"xx","1.62354845930174","0.293234258371757","0.734895482244611","130.174625704635","Pooled Summ."
"xx","1.80414786481359","0.411206739589649","0.633488189513499","127.947767498179","Pooled Summ."
"xx","1.80804244638399","0.313262210968727","0.652126574620583","130.288124687402","Pooled Summ."
"xx","1.58078503405942","0.309974735743488","0.76407607042697","131.811708028461","Pooled Summ."
"xx","1.84695601238371","0.515608096041943","0.646563754557302","131.426059646889","Pooled Summ."
"xx","1.90558483723947","0.392829351447032","0.683368161365194","129.636517597998","Pooled Summ."
"xx","1.77674579906227","0.381404485961071","0.688654348369657","127.645618688549","Pooled Summ."
"xx","1.90242495871252","0.413007984862303","0.600297273471579","130.798823425351","Pooled Summ."
"xx","1.88061274929278","0.403322108587002","0.66257879236364","128.642407642395","Pooled Summ."
"xx","1.67940921025782","0.354097541519441","0.696169522457349","128.387352709947","Pooled Summ."
"xx","1.71437263536168","0.368088164771918","0.65897973962782","127.809835620558","Pooled Summ."
"xx","1.74703781157349","0.401258936142225","0.636380418629125","128.115255147206","Pooled Summ."
"xx","1.78703732460377","0.39155732447341","0.606316627785154","128.678542804322","Pooled Summ."
"xx","1.94148252627591","0.511810326356461","0.655806104103622","130.562926422496","Pooled Summ."
"xx","1.6871073948777","0.326793670384513","0.681358514783461","128.206985802421","Pooled Summ."
"xx","1.74062937041376","0.323347478688823","0.71045305948083","128.717303754208","Pooled Summ."
"xx","1.85520628547749","0.307856907906107","0.69926556289324","132.170297405938","Pooled Summ."
"xx","1.86454373268063","0.408263877793627","0.731532514663636","129.137349204175","Pooled Summ."
"xx","1.82549937306375","0.346457770337479","0.63462812199313","129.412601761842","Pooled Summ."
"xx","1.81121656138089","0.398991421292196","0.681925898931049","127.667785078054","Pooled Summ."
"xx","1.78948347585057","0.34066333517457","0.698430639226657","128.594981910276","Pooled Summ."
"xx","1.53789054238568","0.392258371942782","0.741119528108205","135.68660349807","Pooled Summ."
"xx","1.72062199102479","0.315243346972523","0.677194866943524","128.407889384182","Pooled Summ."
"xx","1.64776200403225","0.328343568284692","0.677922048399932","128.667438206843","Pooled Summ."
"xx","1.71642239295762","0.373320858944298","0.683033674730655","127.876145208955","Pooled Summ."
"xx","1.71485658857397","0.277268628938062","0.631795861621227","130.577111425473","Pooled Summ."
"xx","1.77146157243292","0.4397668331463","0.60391547466845","130.051109355361","Pooled Summ."
"xx","1.65209770138779","0.329727081561582","0.661590569092701","128.606414118988","Pooled Summ."
"xx","1.7704492339854","0.430463015333867","0.593262749774916","130.242181849348","Pooled Summ."
"xx","1.52894504285573","0.21681250142312","0.717368228680213","132.926266035633","Pooled Summ."
"xx","1.59908270974819","0.300583485092822","0.675538092530729","129.7175237133","Pooled Summ."
"xx","1.83720991897669","0.436403257723065","0.564618356986529","131.969424478773","Pooled Summ."
"xx","1.66198384981941","0.392541554380949","0.669957373264139","129.537962858551","Pooled Summ."
"xx","1.61315914201501","0.310999955649453","0.767944789118111","131.274253990939","Pooled Summ."
"xx","1.64325030629291","0.358925814862044","0.716892281885574","129.558401856471","Pooled Summ."
"xx","1.69656736294809","0.349530118289237","0.667783366868991","127.934688250125","Pooled Summ."
"xx","1.42028711727563","0.208713801762976","0.618191816551499","138.998930037962","Pooled Summ."
"xx","1.75973810670737","0.331812824807996","0.569747250818728","131.901231859899","Pooled Summ."
"xx","1.54670228224772","0.274057535590498","0.719407544394505","131.492760941507","Pooled Summ."
"xx","1.68326612382851","0.417784376537252","0.701664705565668","130.030686685245","Pooled Summ."
"xx","1.81559368627416","0.376483219972173","0.553797831961598","132.872911537143","Pooled Summ."
"xx","1.87780719004596","0.344766867551115","0.622101121887106","131.919140082268","Pooled Summ."
"xx","1.5170469725126","0.393088972292605","0.742279709061695","136.971822829371","Pooled Summ."
"xx","1.71088862639655","0.337242694827312","0.65395924865518","127.965714471676","Pooled Summ."
"xx","1.88475767682273","0.399460310865583","0.631470897765604","129.330203193698","Pooled Summ."
"xx","1.59322180584677","0.198143553278726","0.654467718175515","133.859234528216","Pooled Summ."
"xx","1.59605069460207","0.310938236863156","0.73401160463407","130.553981477489","Pooled Summ."
"xx","1.86186647977623","0.490011494718436","0.631242754560809","130.095996604762","Pooled Summ."
"xx","1.91763028603048","0.416004885422444","0.742071324201174","130.413885939563","Pooled Summ."
"xx","1.67656895958851","0.316666687770036","0.743570254963221","129.650732608789","Pooled Summ."
"xx","1.76047876726964","0.336131455946763","0.599377848580577","129.75107421471","Pooled Summ."
"xx","1.81066606374942","0.396167392334934","0.74384581520166","129.02959185801","Pooled Summ."
"xx","1.81381421195463","0.372634345401952","0.579726719401592","130.695759626839","Pooled Summ."
"xx","1.72358192486443","0.325972813165855","0.697324206153035","128.330303876824","Pooled Summ."
"xx","1.81272149906683","0.417804821264306","0.604613290920292","128.968258321638","Pooled Summ."
"xx","1.70245890988893","0.41293083338924","0.669346874050201","129.082861352544","Pooled Summ."
"xx","1.7834646647576","0.377828734875796","0.662695011581934","127.547841858884","Pooled Summ."
"xx","1.81244944339478","0.421121517592061","0.724431559271276","128.54357418363","Pooled Summ."
"xx","1.83950133165227","0.352464116247571","0.702644772840503","129.295309870237","Pooled Summ."
"xx","1.75495631473925","0.448076606369519","0.779591638857809","131.619847804835","Pooled Summ."
"xx","1.73631698010691","0.455999889665368","0.678591279918321","130.155205143644","Pooled Summ."
"xx","1.78691059431213","0.326524907935734","0.683548741685756","128.907846310124","Pooled Summ."
"xx","1.81864282423207","0.394221233543029","0.686426885606288","127.787700451212","Pooled Summ."
"xx","1.64675081693362","0.337775923179755","0.668574616850545","128.71431976867","Pooled Summ."
"xx","1.74164401597493","0.374182775623368","0.589145815528923","129.637984675189","Pooled Summ."
"xx","1.75797058910203","0.348781838231208","0.708669455946815","128.234122104836","Pooled Summ."
"xx","1.69568589497441","0.292568078001663","0.803383210117087","132.502819351863","Pooled Summ."
"xx","1.78145829115988","0.320229486867324","0.717009729935817","129.503328153622","Pooled Summ."
"xx","1.89709841570059","0.446424672574026","0.711272484547616","129.01466055288","Pooled Summ."
"xx","1.7509853998795","0.34254892658663","0.689498972809085","128.004139979296","Pooled Summ."
"xx","1.74339111400204","0.323473873615522","0.643902792486437","128.523421733033","Pooled Summ."
"xx","1.563643123635","0.200266837231314","0.710192965210111","133.234541136369","Pooled Summ."
"xx","1.9268451891989","0.367305774619442","0.929108389371022","141.03058478551","Pooled Summ."
"xx","1.54316206356097","0.210783502365402","0.834652100001655","136.613529344619","Pooled Summ."
"xx","1.86863532633751","0.459710947847308","0.669405161174381","128.494255593646","Pooled Summ."
"xx","1.88515932886994","0.293870783522128","0.687980850540475","134.757360342012","Pooled Summ."
"xx","1.83009418409626","0.439595116196424","0.822468224344479","132.761785701609","Pooled Summ."
"xx","1.68559486445673","0.235535820269133","0.792406023413827","134.163345395969","Pooled Summ."
"xx","1.85479241063651","0.340568400838312","0.823554458542297","134.225118870454","Pooled Summ."
"xx","1.84655681620925","0.481422878549274","0.822022302098142","133.547220497386","Pooled Summ."
"xx","1.86767436923116","0.396640874695151","0.636670002212142","128.801065026618","Pooled Summ."
"xx","1.70410496759478","0.327956600688614","0.624213595412134","128.691505514724","Pooled Summ."
"xx","1.5264953227753","0.266509742798308","0.723025537638749","132.145687831369","Pooled Summ."
"xx","1.96594384111774","0.437379065618139","0.678989800667006","130.529969179954","Pooled Summ."
"xx","1.60563878181502","0.343420147490705","0.602782794205635","131.852842065325","Pooled Summ."
"xx","1.79524831924278","0.377558259746165","0.641443195180492","127.811220724936","Pooled Summ."
"xx","1.78323619811193","0.295565925971924","0.663910030283429","130.455536925743","Pooled Summ."
"xx","1.68635624268163","0.349759424228127","0.668012314101093","128.064439307042","Pooled Summ."
"xx","1.51368470649807","0.290150707795157","0.661553307873187","132.726112719079","Pooled Summ."
"xx","1.84746557294182","0.431164655950012","0.655116479525554","127.997653177637","Pooled Summ."
"xx","1.62065678473312","0.30058910453494","0.724580118624866","129.878426419596","Pooled Summ."
"xx","1.75921525918707","0.31012919308004","0.75913003967877","130.704585810973","Pooled Summ."
"xx","1.52522877907537","0.290083055347314","0.768554389185457","133.362766747658","Pooled Summ."
"xx","1.8092639230107","0.342268001733152","0.797905384024205","132.044242790462","Pooled Summ."
"xx","1.88635667847513","0.520201518152413","0.703699706301517","130.855748881536","Pooled Summ."
"xx","1.67111328784099","0.317939971362399","0.681655557979522","128.442473644411","Pooled Summ."
"xx","1.83716524871289","0.382911288458792","0.650882383588402","128.193678502057","Pooled Summ."
"xx","1.82969257931737","0.426637520081196","0.788341557751008","130.958669156035","Pooled Summ."
"xx","1.69207700691096","0.384101379017931","0.706244576191051","128.751284729649","Pooled Summ."
"xx","1.81335535344586","0.368087386234119","0.720829317134098","128.694963524284","Pooled Summ."
"xx","1.68631631415728","0.357031830467974","0.570294359169905","131.673167242055","Pooled Summ."
"xx","1.9322267958954","0.439838472988777","0.627375820945874","130.132681738346","Pooled Summ."
"xx","1.91676512690121","0.463563609989401","0.557471843104922","134.204704453114","Pooled Summ."
"xx","1.83459229462967","0.288028226866505","0.652316680902218","133.229872845055","Pooled Summ."
"xx","1.70102993566019","0.362332221277997","0.664907646871928","127.924260406649","Pooled Summ."
"xx","1.7641275589755","0.428374637636109","0.618567911361722","129.109680389766","Pooled Summ."
"xx","1.52975364395154","0.351545336280606","0.671838009233019","133.771127433851","Pooled Summ."
"xx","1.76035455616237","0.335100138936083","0.641053570418643","128.38174420999","Pooled Summ."
"xx","1.80725753551063","0.393153319787712","0.654322038274163","127.6327472988","Pooled Summ."
"xx","1.74100938075522","0.461204232511154","0.678766634649721","130.310559268014","Pooled Summ."
"xx","1.78237151329952","0.468216938733532","0.703872200238741","129.78262187561","Pooled Summ."
"xx","1.52020618744926","0.34045967692853","0.783791114553091","135.136827857929","Pooled Summ."
"xx","1.71169919635195","0.423771113070884","0.658084323473574","129.348978482192","Pooled Summ."
"xx","1.778438154556","0.372717860730592","0.711075239200253","128.082577650626","Pooled Summ."
"xx","1.84085432572593","0.454001768151163","0.592569552805639","130.395597633333","Pooled Summ."
"xx","1.75230594934514","0.305685177184465","0.716355864241535","129.571156173221","Pooled Summ."
"xx","1.66866813862389","0.339607689308501","0.71461075672937","128.811875900725","Pooled Summ."
"xx","1.72910879162284","0.386499301610439","0.691035176271476","127.955093078623","Pooled Summ."
"xx","1.85050155333475","0.388631025874468","0.652958362676824","128.321723146646","Pooled Summ."
"xx","1.85819824752741","0.384518950078615","0.697416246937448","128.688765077576","Pooled Summ."
"xx","1.96016479542859","0.505562671007148","0.7258692967524","130.915070765265","Pooled Summ."
"xx","1.67234224175308","0.299482217337253","0.686860302791195","128.823279119516","Pooled Summ."
"xx","1.78345120179147","0.375051092679086","0.707857057878542","128.018615989384","Pooled Summ."
"xx","1.68094125213577","0.396396324869792","0.694081582121698","129.182836447851","Pooled Summ."
"xx","1.70351146789583","0.302314448621259","0.769268163756086","130.819298979291","Pooled Summ."
"xx","1.94046150782688","0.466141580040287","0.757107469444288","131.004861212785","Pooled Summ."
"xx","2.04495795026808","0.443899560767563","0.689056238253015","133.947338313278","Pooled Summ."
"xx","1.72426251013029","0.238999732115205","0.642603897010454","133.343674827721","Pooled Summ."
"xx","1.72380988720514","0.335648241863162","0.675670683299602","127.933205365512","Pooled Summ."
"xx","1.68954191396643","0.323809446756186","0.697826325263448","128.406302302697","Pooled Summ."
"xx","1.68526098030618","0.40252058207554","0.708284640569918","129.463328032031","Pooled Summ."
"xx","1.60202955767849","0.351438580857338","0.753605281207532","131.49777873015","Pooled Summ."
"xx","1.71503847789622","0.36635522922831","0.832833183569111","133.154397983048","Pooled Summ."
"xx","1.62692865755019","0.349372422597135","0.63458150328006","129.896028052806","Pooled Summ."
"xx","1.98091759975248","0.342252889274338","0.588568337489462","141.562387999765","Pooled Summ."
"xx","1.84726223513966","0.323522384662423","0.672013392908811","130.836718881174","Pooled Summ."
"xx","1.89943705364397","0.493831467439748","0.646584137076908","129.806322841836","Pooled Summ."
"xx","1.73412139916973","0.344164960874681","0.544674570612414","133.744104473574","Pooled Summ."
"xx","1.6529241988112","0.390337373128361","0.692745889468316","129.809744433699","Pooled Summ."
"xx","1.83377242887966","0.386763701898307","0.743952051582399","129.326783746499","Pooled Summ."
"xx","1.66115586412605","0.333623371353245","0.827145539243163","133.275504698185","Pooled Summ."
"xx","1.68592515924291","0.284946442802832","0.684884412471284","129.283966558598","Pooled Summ."
"xx","1.83999323687016","0.258289628391214","0.745862764747796","135.815817360208","Pooled Summ."
"xx","1.82450606933306","0.381216806187839","0.665791732189476","127.918707207141","Pooled Summ."
"xx","1.72788799157489","0.448892237581264","0.706253278770344","130.209538393052","Pooled Summ."
"xx","1.77447362960701","0.382174577265894","0.648800986444352","127.581990460379","Pooled Summ."
"xx","1.96158397008784","0.381040780810481","0.611870447099319","134.627093145592","Pooled Summ."
"xx","1.76454972800573","0.411176349846322","0.665388911350983","127.816151785922","Pooled Summ."
"xx","1.88668694607329","0.456896931163021","0.75398413754841","130.147113452124","Pooled Summ."
"xx","1.77110334055766","0.364156165318389","0.671106232472834","127.628960154075","Pooled Summ."
"xx","1.72115548070559","0.384599639735224","0.643166389804121","128.066958054413","Pooled Summ."
"xx","1.68880506687595","0.314319593749859","0.660320153204084","128.397201728371","Pooled Summ."
"xx","1.79549145057965","0.418234709568669","0.621778936762862","128.361701893117","Pooled Summ."
"xx","1.7638981952371","0.346612503782735","0.650394507171548","127.971271374896","Pooled Summ."
"xx","1.8077522428999","0.446859951908285","0.780274288429877","130.962600746838","Pooled Summ."
"xx","1.80004779730464","0.353856936186873","0.558811487116228","132.783915715771","Pooled Summ."
"xx","1.90175589025177","0.458422316979299","0.631175390857998","129.294605361656","Pooled Summ."
"xx","1.92296137239237","0.439959093945899","0.69282974965511","129.247392211346","Pooled Summ."
"xx","1.68467682768763","0.359073557659284","0.76503387794809","130.224174719398","Pooled Summ."
"xx","1.69083425092068","0.253564456030679","0.816184084284001","134.394632139788","Pooled Summ."
"xx","1.4503557681207","0.199080702242729","0.715788823161939","135.25305973612","Pooled Summ."
"xx","1.82536694107458","0.409546959534694","0.61751414594155","128.467364583339","Pooled Summ."
"xx","1.63835898186364","0.233333971545077","0.67049398821692","131.5365756801","Pooled Summ."
"xx","1.99761531821947","0.416950209539432","0.71157611970983","132.652915815033","Pooled Summ."
"xx","1.86873667671556","0.451015493599531","0.677050758394246","128.347963302868","Pooled Summ."
"xx","1.50870693610099","0.242270072615006","0.692267635098799","132.634765196187","Pooled Summ."
"xx","1.59543398123448","0.239265223745785","0.670225080751277","131.214840297213","Pooled Summ."
"xx","1.66154718860842","0.369202371764662","0.83173928376948","133.778597166444","Pooled Summ."
"xx","1.77948148665354","0.399931585365454","0.720532826295365","128.294771281271","Pooled Summ."
"xx","1.79145419611558","0.405254135247545","0.64870891080098","127.658906482326","Pooled Summ."
"xx","1.50829108244995","0.26039515272508","0.690795094355666","132.495366241358","Pooled Summ."
"xx","1.61091171941025","0.343303952910253","0.691378757956257","129.807427065757","Pooled Summ."
"xx","1.77663051801342","0.418749234844385","0.785314022717541","130.850027583247","Pooled Summ."
"xx","1.55639547261288","0.306984006385499","0.593710453518983","133.829500165373","Pooled Summ."
"xx","1.50665364514969","0.283624692058498","0.668294227932157","132.842172239526","Pooled Summ."
"xx","1.73654117904627","0.369219912069873","0.622964218045463","128.190790410479","Pooled Summ."
"xx","1.7852678974393","0.425370944250822","0.640627988913154","128.149389744936","Pooled Summ."
"xx","1.80576130179935","0.410291472969399","0.732865921486279","128.687154555765","Pooled Summ."
"xx","1.84013591503492","0.459430474377306","0.718078369493598","129.03952445722","Pooled Summ."
"xx","1.67704692678357","0.227905431240317","0.638973594204589","133.134830690432","Pooled Summ."
"xx","1.83367807382177","0.328794039392208","0.697446254197075","130.112582327726","Pooled Summ."
"xx","1.82331300164051","0.382393825316895","0.696987237359926","128.106235326523","Pooled Summ."
"xx","1.6059193186495","0.255919177724791","0.679942141174367","130.450402069475","Pooled Summ."
"xx","1.77419563677217","0.352396191164049","0.580460955291244","130.555167851341","Pooled Summ."
"xx","1.89715461524375","0.427491907153943","0.638898372996246","128.986852621514","Pooled Summ."
"xx","1.4552790849515","0.247474105917745","0.715564337914837","134.606416610669","Pooled Summ."
"xx","1.66469360248125","0.302776464006508","0.709500529518375","129.078719939063","Pooled Summ."
"xx","1.87446460148503","0.3711624814529","0.588913401268372","131.996545753765","Pooled Summ."
"xx","1.78496146352236","0.40278569472187","0.751473456083682","129.260626295942","Pooled Summ."
"xx","1.65618887799089","0.310975821779783","0.648738431538074","128.806003664533","Pooled Summ."
"xx","1.76626392822727","0.380813513557674","0.724767476968841","128.363183478362","Pooled Summ."
"xx","1.62856315738194","0.263284677459868","0.58877119378546","132.887545257356","Pooled Summ."
"xx","1.59964972048063","0.209743201335835","0.792102895931609","134.688939175113","Pooled Summ."
"xx","1.50227560447663","0.298259722484422","0.704872352205575","133.13036441198","Pooled Summ."
"xx","1.66512182769074","0.406699105191713","0.624832418059174","130.933065742185","Pooled Summ."
"xx","1.82527852133805","0.341477575341265","0.790750721867263","132.033406082239","Pooled Summ."
"xx","1.99297433256524","0.503123350208654","0.6915753637938","131.063388135585","Pooled Summ."
"xx","1.835197824578","0.451449886029918","0.741209043194262","129.488459909113","Pooled Summ."
"xx","1.77400479626643","0.420256583063968","0.740306842638902","129.165387692115","Pooled Summ."
"xx","1.76244358492053","0.265638192833077","0.641484203354654","132.387328571112","Pooled Summ."
"xx","1.8779483286868","0.449532678137699","0.803448459633521","132.067068991486","Pooled Summ."
"xx","1.6752756739357","0.294935855816659","0.693946742230548","129.004256725303","Pooled Summ."
"xx","1.74673505462943","0.269251656421027","0.665148449148552","131.143277022686","Pooled Summ."
"xx","1.79954100513916","0.347013824916743","0.783236439487116","131.125515682763","Pooled Summ."
"xx","1.84125869465821","0.385839031104256","0.580106675007056","130.932514221093","Pooled Summ."
"xx","1.66704247939127","0.317676030255615","0.880646701922625","136.309238548268","Pooled Summ."
"xx","1.73188878709581","0.268821121864146","0.66890098717328","130.761978170364","Pooled Summ."
"xx","1.8131654671186","0.394347148554036","0.682882357524428","127.705773021032","Pooled Summ."
"xx","1.73141632459947","0.283949939838274","0.696848599355622","129.921277443924","Pooled Summ."
"xx","1.71570815106902","0.317390523936333","0.699284172095564","128.534847240615","Pooled Summ."
"xx","1.92071536317936","0.412819265579963","0.65917447657065","129.627334499521","Pooled Summ."
"xx","1.62612223938583","0.258130988028145","0.650912708301043","130.505221941215","Pooled Summ."
"xx","1.77052212206028","0.457045491760284","0.634894850497811","129.795629848364","Pooled Summ."
"xx","1.62297555048867","0.295321349325081","0.604600049732352","130.957272402955","Pooled Summ."
"xx","1.66264313694138","0.321324360910935","0.682935426025812","128.499813432173","Pooled Summ."
"xx","1.60899853345376","0.248872412374627","0.749722132418014","131.727293158093","Pooled Summ."
"xx","1.85182363824427","0.419350514053505","0.609193799411685","129.077259339888","Pooled Summ."
"xx","1.67608830704722","0.379062681870182","0.706398648539743","128.990472790422","Pooled Summ."
"xx","1.69852107617205","0.212949935782322","0.666071862586929","134.292468707001","Pooled Summ."
"xx","1.89720219191204","0.443163056283337","0.669941315665752","128.606779276191","Pooled Summ."
"xx","1.94780120242707","0.450602276172492","0.829726673421817","134.275221111744","Pooled Summ."
"xx","1.67196141652744","0.344241321173447","0.691896979459996","128.397698435085","Pooled Summ."
"xx","1.74881847064772","0.300602332369357","0.718648156212743","129.7724606391","Pooled Summ."
"xx","1.89250885370763","0.429036960285147","0.717947160673759","129.097122958974","Pooled Summ."
"xx","1.52066988487184","0.224078081789946","0.677735668263744","132.789283618199","Pooled Summ."
"xx","1.84728460336529","0.40976977933753","0.603033695909553","129.317777604047","Pooled Summ."
"xx","1.60504458428674","0.369968315067988","0.682256577366483","130.776600330094","Pooled Summ."
"xx","1.74980208200678","0.278096482862198","0.68502811442557","130.554391583428","Pooled Summ."
"xx","1.83354766369962","0.31954363284672","0.689563557236876","130.557309112611","Pooled Summ."
"xx","1.66644063083248","0.30283556154357","0.611953130949173","129.889086866433","Pooled Summ."
"xx","1.83796072198563","0.39117313322474","0.663007375902928","127.974052893692","Pooled Summ."
"xx","1.85285440643538","0.384959169285886","0.6543851068682","128.44528757513","Pooled Summ."
"xx","1.73666083363906","0.288089038492388","0.768120281558726","131.540545175315","Pooled Summ."
"xx","1.56121607849892","0.293329734513555","0.703402731454455","130.855842864747","Pooled Summ."
"xx","1.85549616393698","0.410652598247702","0.56977744393651","131.604948854706","Pooled Summ."
"xx","1.7241995247558","0.265539841966566","0.74415234172289","131.621608042499","Pooled Summ."
"xx","1.75787369534555","0.463697316332283","0.82500928630825","134.189501909586","Pooled Summ."
"xx","1.66718915678513","0.267022781704242","0.720885049363107","130.360970050135","Pooled Summ."
"xx","1.56038193191776","0.255890080424004","0.609067973325005","132.984169604474","Pooled Summ."
"xx","1.77261209641162","0.393720744332159","0.661490348675952","127.530760965378","Pooled Summ."
"xx","1.73281834746745","0.241739885609073","0.790880144440922","134.628380333137","Pooled Summ."
"xx","1.70877655740382","0.361768795274343","0.751920270710652","129.481211620065","Pooled Summ."
"xx","1.69179120232953","0.248606411129613","0.728692906983475","131.640989550173","Pooled Summ."
"xx","1.69788232948053","0.311880676155626","0.586747319215579","130.871544547845","Pooled Summ."
"xx","1.92553355887299","0.431469309910579","0.623577475032555","130.165185935786","Pooled Summ."
"xx","1.84346390962781","0.415889867650433","0.72082761054062","128.558356648389","Pooled Summ."
"xx","1.81452250675741","0.375130097971214","0.648579588814455","127.987384789644","Pooled Summ."
"xx","1.90587467840355","0.459789903267798","0.668868700010449","128.845551931929","Pooled Summ."
"xx","1.78165745742468","0.303247860436416","0.727920119690019","130.48589051978","Pooled Summ."
"xx","1.71069518903267","0.299444653544267","0.684838285903319","128.900068185919","Pooled Summ."
"xx","1.70268072105903","0.328556311928243","0.739848376782978","129.27116587732","Pooled Summ."
"xx","1.80054473032423","0.418270623303238","0.623991784717428","128.278055514022","Pooled Summ."
"xx","1.6404806923047","0.227692083727293","0.732010115141928","132.259696337159","Pooled Summ."
"xx","1.71642317257475","0.308371342376649","0.635392407708995","128.98395482842","Pooled Summ."
"xx","1.77181087201468","0.457731338511755","0.767004760971307","131.186530170246","Pooled Summ."
"xx","1.80896788455833","0.400286473737417","0.633710552513437","127.908706130265","Pooled Summ."
"xx","1.63997722515468","0.300100024561673","0.615436536527595","130.087777774482","Pooled Summ."
"xx","1.72600429249502","0.348024118500763","0.664867572920231","127.742643273687","Pooled Summ."
"xx","1.69798469989798","0.303805676163107","0.663555657832918","128.662991475828","Pooled Summ."
"xx","1.78763267585394","0.486615566720072","0.761929147430744","131.957868314356","Pooled Summ."
"xx","1.59003266932457","0.213981922681707","0.680034918247189","132.421830448816","Pooled Summ."
"xx","1.5830780121408","0.339990036931807","0.706739077482213","130.819841794629","Pooled Summ."
"xx","2.01179297085191","0.501728142082562","0.611202906327382","133.440111297537","Pooled Summ."
"xx","1.77489530366769","0.362224682919551","0.637774998533334","127.926356843822","Pooled Summ."
"xx","1.56368813053452","0.292859070742878","0.686157601963553","130.675306152499","Pooled Summ."
"xx","1.68362588689938","0.399265846063977","0.626361193894861","129.815249589725","Pooled Summ."
"xx","1.77400325764991","0.347310124053242","0.679032963833711","128.000816612365","Pooled Summ."
"xx","1.71860667693012","0.285729191287115","0.662738160895462","129.588633900761","Pooled Summ."
"xx","1.78440388825896","0.419134508675262","0.70452371632393","128.156699027128","Pooled Summ."
"xx","1.76658079313126","0.434099584159608","0.71161276357449","128.850604928583","Pooled Summ."
"xx","1.97179678391754","0.499141155359534","0.667101887042693","130.572791387727","Pooled Summ."
"xx","1.94787025180475","0.497410074655518","0.64401302408181","130.429291955569","Pooled Summ."
"xx","1.68209589367099","0.399777056414525","0.710396974226498","129.491935245467","Pooled Summ."
"xx","1.80425547014387","0.423888200012703","0.591378214862584","129.763168091144","Pooled Summ."
"xx","1.8042966040909","0.456503525485788","0.789416933963925","131.629722586773","Pooled Summ."
"xx","1.75747511476347","0.378560733667886","0.643978158602421","127.657520085663","Pooled Summ."
"xx","1.68809198572799","0.476737735383931","0.686967881018687","133.516572603216","Pooled Summ."
"xx","1.81367628728166","0.380238494920504","0.594191086446358","129.608380773177","Pooled Summ."
"xx","1.88580552251103","0.450340850739901","0.568468714366261","132.35370434749","Pooled Summ."
"xx","1.81034217819733","0.307605105634118","0.614036903670706","131.942067527624","Pooled Summ."
"xx","1.8466783729496","0.373799929317835","0.650495693580731","128.648694039706","Pooled Summ."
"xx","1.85666952452983","0.450142728165073","0.613752822832021","129.271365744761","Pooled Summ."
"xx","1.50338405108753","0.198520001097907","0.747870517667887","134.445950729578","Pooled Summ."
"xx","1.60914926841005","0.260135341780795","0.603936583115937","132.228780210299","Pooled Summ."
"xx","1.65622598218138","0.248209695761555","0.791516468281625","133.25468386817","Pooled Summ."
"xx","1.58501939735358","0.283242622318696","0.737304560802636","130.943235308564","Pooled Summ."
"xx","1.73315225900962","0.355429774739397","0.681013881066617","127.716246476291","Pooled Summ."
"xx","1.76662768644482","0.394610731868914","0.662247565161244","127.560421104225","Pooled Summ."
"xx","1.63310788416945","0.35714215761261","0.744952273751568","130.492094238348","Pooled Summ."
"xx","1.58728847007456","0.335900071602808","0.679824461979386","130.412743176965","Pooled Summ."
"xx","1.64446866460154","0.241368510348024","0.611738937004734","132.782596724229","Pooled Summ."
"xx","1.90995046093502","0.415990869177304","0.719816874607349","129.657115683867","Pooled Summ."
"xx","1.71765308910425","0.398882233315593","0.641341806282591","128.488347253917","Pooled Summ."
"xx","1.56747971534496","0.21409979029656","0.723610896667175","132.692670535443","Pooled Summ."
"xx","1.82505594593591","0.312685240020689","0.735070451358544","131.317576964656","Pooled Summ."
"xx","1.82063985279498","0.388887340533238","0.701628587060667","128.065850449707","Pooled Summ."
"xx","1.92558551018185","0.464464887008721","0.737319749346633","130.142641629621","Pooled Summ."
"xx","1.63177680064657","0.364916129490129","0.645620555819235","129.896941511461","Pooled Summ."
"xx","1.6427586435465","0.334545357232796","0.749516717947435","130.159795155828","Pooled Summ."
"xx","1.81709176870314","0.331154709381764","0.680220476410645","129.409191619445","Pooled Summ."
"xx","1.66978605487644","0.285962856806945","0.656762331987921","129.266756569846","Pooled Summ."
"xx","1.81303469202278","0.401438068310316","0.708656469281429","128.069850576154","Pooled Summ."
"xx","1.5853318100957","0.294026439358966","0.69273340066217","130.119364312932","Pooled Summ."
"xx","1.81624015835232","0.388768190254039","0.629562138547072","128.134274184981","Pooled Summ."
"xx","1.63360165231971","0.297326975949387","0.732119045862686","129.930033859796","Pooled Summ."
"xx","1.72053323860718","0.387595269900318","0.645364673701782","128.099462889795","Pooled Summ."
"xx","1.63420769067038","0.282819612355274","0.59283441396018","131.776678150626","Pooled Summ."
"xx","1.71826920827765","0.328264510076731","0.605492570496958","129.376045935306","Pooled Summ."
"xx","1.58235092294063","0.319902032569338","0.602368084417477","132.329832861117","Pooled Summ."
"xx","1.80639554401761","0.337789064815329","0.626445867004706","129.51081942069","Pooled Summ."
"xx","1.76091229648669","0.445722900555451","0.661150344634609","129.032277597827","Pooled Summ."
"xx","1.75681674059742","0.373422287325067","0.697560349205559","127.787847520316","Pooled Summ."
"xx","1.6841618179893","0.410909519058685","0.614097526831417","130.80779990857","Pooled Summ."
"xx","1.89959902348605","0.402845040534953","0.672338121549497","129.141965924846","Pooled Summ."
"xx","1.84198536315754","0.46568879526991","0.710728198522281","129.053864570282","Pooled Summ."
"xx","1.79400215776362","0.336781110755811","0.802623275731675","132.182686387254","Pooled Summ."
"xx","1.80741786295255","0.340100564843381","0.696541979421377","128.923401201276","Pooled Summ."
"xx","1.70345379282964","0.370074097728341","0.714643490704356","128.505372105707","Pooled Summ."
"xx","1.95882752018051","0.349251526528709","0.887203656496005","140.265117549953","Pooled Summ."
"xx","1.66087363271479","0.339618742625231","0.599826062573002","130.132310354739","Pooled Summ."
"xx","1.70563270927202","0.325130597397348","0.674037680591366","128.123431903349","Pooled Summ."
"xx","1.81054745072635","0.410343464295208","0.700753033123914","127.931195513176","Pooled Summ."
"xx","1.69085500338024","0.387539817956128","0.593533294339244","130.606929857035","Pooled Summ."
"xx","1.72198882137317","0.254619782182583","0.717769977339553","131.644685966003","Pooled Summ."
"xx","1.71736583534138","0.377309592016539","0.633091049560505","128.203104999294","Pooled Summ."
"xx","1.67276298841931","0.311463311418937","0.637900964174804","128.830893325019","Pooled Summ."
"xx","1.72400128374192","0.410051905505072","0.671813691229628","128.439126398202","Pooled Summ."
"xx","1.69929606702862","0.305188048527708","0.754430681728365","130.189456534849","Pooled Summ."
"xx","1.77220395295721","0.462144552945578","0.597300491581699","131.630330408325","Pooled Summ."
"xx","1.87762690449836","0.403819658219043","0.648831426542156","128.685971114349","Pooled Summ."
"xx","1.6429906836084","0.318978980834334","0.562110477478173","133.327261185598","Pooled Summ."
"xx","1.96241794595296","0.484250407327657","0.700332013699953","130.234531363781","Pooled Summ."
"xx","1.67180555285547","0.323473113014345","0.74219071274653","129.567963898601","Pooled Summ."
"xx","1.79261707026813","0.441076372440436","0.763306548216466","130.260885156367","Pooled Summ."
"xx","1.58342765047415","0.297102826761885","0.751458582950378","131.306350079297","Pooled Summ."
"xx","1.71440468420936","0.362405296054282","0.666117024875849","127.76263535556","Pooled Summ."
"xx","1.76360624264436","0.344206518483645","0.723028139901524","128.688056668787","Pooled Summ."
"xx","1.64002450683866","0.227515283539971","0.586470473888878","135.458548424161","Pooled Summ."
"xx","1.48199580232594","0.216643907482827","0.690170344873081","133.907084074957","Pooled Summ."
"xx","1.88356660083546","0.421255134421788","0.694673350172131","128.584264393612","Pooled Summ."
"xx","1.84631400420884","0.403856605955977","0.619424951777814","128.696572467227","Pooled Summ."
"xx","1.82036410717932","0.321161448021678","0.680909744099966","130.013286404922","Pooled Summ."
"xx","1.94177979557865","0.498475489040527","0.683795369658106","130.005848261615","Pooled Summ."
"xx","1.78885696688949","0.311364940962395","0.703519735457352","129.819587162776","Pooled Summ."
"xx","1.48677321546341","0.269481836900036","0.80279429504738","135.637587681424","Pooled Summ."
"xx","1.83611626606575","0.461443144908864","0.706615867787056","128.882979477839","Pooled Summ."
"xx","1.64805366426087","0.265039443181155","0.644892441533538","130.286428401135","Pooled Summ."
"xx","1.56895100152763","0.253017440932789","0.746948150795759","131.917202696754","Pooled Summ."
"xx","1.59157356433639","0.271646246451989","0.683123285906278","130.207433324806","Pooled Summ."
"xx","1.71704649545717","0.232553811829386","0.68451814058557","132.912890658524","Pooled Summ."
"xx","1.70550296470134","0.281701956645656","0.606452457968011","131.186318224729","Pooled Summ."
"xx","1.53508790066528","0.282291105767161","0.621828911911554","132.929496526979","Pooled Summ."
"xx","1.8910042362758","0.371046912470537","0.681674106649987","129.952466224096","Pooled Summ."
"xx","1.63886700974774","0.394298348783647","0.741376243276029","131.288388162024","Pooled Summ."
"xx","1.70232092036971","0.288902882150226","0.682168037636731","129.224622661267","Pooled Summ."
"xx","1.66242500227546","0.213405239369244","0.706574747874578","133.114247937802","Pooled Summ."
"xx","1.75725082742124","0.334378178098023","0.648435643388663","128.257349611098","Pooled Summ."
"xx","1.77012230011631","0.267695624568537","0.794845740643969","134.17490673668","Pooled Summ."
"xx","1.94301548271357","0.503271469553787","0.674644505179444","130.145297821775","Pooled Summ."
"xx","1.79127020586864","0.429602014887379","0.650231010562445","128.068578848371","Pooled Summ."
"xx","1.69358911254479","0.359322805720244","0.638553389697767","128.277114254828","Pooled Summ."
"xx","1.73568396944138","0.363404113598959","0.645547486942888","127.736390541121","Pooled Summ."
"xx","1.77756002534316","0.380262637612419","0.619492559300758","128.192835870756","Pooled Summ."
"xx","1.58694013347517","0.37455253581546","0.789807199043869","133.939026093379","Pooled Summ."
"xx","1.84441217515595","0.403641987085061","0.609567951598537","129.033094431542","Pooled Summ."
"xx","1.75141663656602","0.453410258019607","0.722701668849693","130.103587679429","Pooled Summ."
"xx","1.39372108242277","0.197102322757683","0.733480998203384","137.446892160884","Pooled Summ."
"xx","1.88358869212289","0.345625958618668","0.676289263170456","130.948925000133","Pooled Summ."
"xx","1.61053920751444","0.323131198013512","0.648734596415139","129.700975786836","Pooled Summ."
"xx","1.69147615216113","0.32278042656787","0.614693234085145","129.167027422557","Pooled Summ."
"xx","1.69508035832387","0.286142527853445","0.654314029869736","129.391317917323","Pooled Summ."
"xx","1.92509232679132","0.361460701684847","0.598836399363158","134.57441567196","Pooled Summ."
"xx","1.47762955233673","0.202017990980795","0.706044567981108","134.380105283812","Pooled Summ."
"xx","1.84805901994613","0.387866815567645","0.631207159203501","128.659066387783","Pooled Summ."
"xx","1.49075277513034","0.295458708016927","0.716032001897808","133.66912783624","Pooled Summ."
"xx","1.76374835000805","0.355962671467968","0.705267770805965","128.085127340181","Pooled Summ."
"xx","1.83985522645402","0.422454420333659","0.736329949276262","128.976231688253","Pooled Summ."
"xx","1.61187138075741","0.296118132925455","0.790473198812203","132.2567560227","Pooled Summ."
"xx","1.66763857242678","0.349448197444342","0.663154914736261","128.389138002997","Pooled Summ."
"xx","1.9016807325169","0.419204490871933","0.602354474436746","130.529223594152","Pooled Summ."
"xx","1.80193554325914","0.412216330513708","0.739695322547772","128.911009603159","Pooled Summ."
"xx","1.76887954409138","0.319482944348064","0.646811929533199","129.019218177328","Pooled Summ."
"xx","1.81087098413227","0.428327016680408","0.884552189975665","136.193938495993","Pooled Summ."
"xx","1.58825234215293","0.310329385229429","0.654484566229643","130.187678081389","Pooled Summ."
"xx","1.6744941674106","0.279089483923281","0.660653729705093","129.505027912252","Pooled Summ."
"xx","1.62903522646876","0.235141937292891","0.666870896743794","131.414209895941","Pooled Summ."
"xx","1.72375241031083","0.33679652829075","0.664510615534797","127.899122015614","Pooled Summ."
"xx","2.01834304826966","0.567393715642563","0.834299476793621","136.970583798106","Pooled Summ."
"xx","1.86107072229321","0.333997385414078","0.602993567769897","132.823722082968","Pooled Summ."
"xx","1.63435361514804","0.282329907751673","0.6918593355477","129.492103570413","Pooled Summ."
"xx","1.64996298560386","0.32578150880669","0.784978466718682","131.392558271254","Pooled Summ."
"xx","1.56649318215753","0.281618884222695","0.672779417934059","130.641174734681","Pooled Summ."
"xx","1.66960407992286","0.300748867821236","0.589307637589202","131.13293789554","Pooled Summ."
"xx","1.72217161133574","0.427398027037454","0.649756221069273","129.310310933391","Pooled Summ."
"xx","1.73403727897823","0.357601074000858","0.621311453874346","128.288409769796","Pooled Summ."
"xx","1.81065212634551","0.344421788428945","0.655461030632354","128.754172704609","Pooled Summ."
"xx","1.6045164480044","0.265471141263583","0.771151065733298","132.010921385621","Pooled Summ."
"xx","1.72145015423002","0.333087022798801","0.66410420093077","127.96558916962","Pooled Summ."
"xx","1.92661249981633","0.431693387472278","0.74546217545374","130.496504365596","Pooled Summ."
"xx","1.82336924210072","0.356755614820199","0.566149111533209","132.611371781092","Pooled Summ."
"xx","1.79122969683996","0.540868901809648","0.647672125308318","135.414298072493","Pooled Summ."
"xx","1.7826887839169","0.448801892506612","0.696250008735069","128.854564472519","Pooled Summ."
"xx","1.82737388748533","0.35410001810676","0.856796696304182","135.069865147762","Pooled Summ."
"xx","1.6654738058982","0.227627938466876","0.695137355252999","132.131536617077","Pooled Summ."
"xx","1.91058353288925","0.427108736553932","0.74485517758423","130.175972272907","Pooled Summ."
"xx","1.88628890158823","0.441976949586021","0.712182656923998","128.870230286035","Pooled Summ."
"xx","1.59365318845479","0.242221820751783","0.629840240840263","131.973393385445","Pooled Summ."
"xx","1.60165022636722","0.289458427426366","0.557652767677192","135.211992610921","Pooled Summ."
"xx","1.66598367699109","0.454287323559037","0.579614405764699","137.470421792409","Pooled Summ."
"xx","1.64341853585036","0.303607628910298","0.730703726660251","129.707024265217","Pooled Summ."
"xx","1.73435267416704","0.338639620034124","0.675604100380114","127.897011626897","Pooled Summ."
"xx","1.68710137235834","0.287366011903629","0.691733638949029","129.248408816345","Pooled Summ."
"xx","1.51065565969075","0.273461265194254","0.722831384669395","132.651413125937","Pooled Summ."
"xx","1.8719167660938","0.435843654268623","0.735329400761786","129.258382713044","Pooled Summ."
"xx","1.80616746521612","0.404462058172699","0.774308427429952","130.171765559479","Pooled Summ."
"xx","1.70534257659829","0.264268980295027","0.647375887781715","130.813782214083","Pooled Summ."
"xx","1.57680511284898","0.293367726381516","0.693626362557541","130.340787190303","Pooled Summ."
"xx","1.69886671798413","0.306846122549284","0.662558820080776","128.57662413434","Pooled Summ."
"xx","1.4168613703917","0.205815521850974","0.622561744169519","138.93664915576","Pooled Summ."
"xx","1.40756357605256","0.286890562003749","0.779942994339346","138.666404147295","Pooled Summ."
"xx","1.6508062433259","0.318887413283551","0.631287897051256","129.142193125602","Pooled Summ."
"xx","1.70880825249677","0.350755377742325","0.627249139348532","128.317130956929","Pooled Summ."
"xx","1.87931224883465","0.500839273765577","0.707025391365499","130.055134451882","Pooled Summ."
"xx","1.61155713182587","0.292154432805858","0.790423941863962","132.291764797854","Pooled Summ."
"xx","1.79354556384037","0.302973820213579","0.685956403241397","130.239834644004","Pooled Summ."
"xx","1.811596539235","0.385802155418643","0.633528722562465","128.023612720588","Pooled Summ."
"xx","1.71194614059465","0.373555991697403","0.644661218002248","128.028532079207","Pooled Summ."
"xx","1.69421947031265","0.358030866808985","0.530539296881662","135.859108468384","Pooled Summ."
"xx","1.60528971422818","0.316046301905711","0.660311407093457","129.64998844023","Pooled Summ."
"xx","1.79220919956397","0.430582986911777","0.70460490371365","128.332295128149","Pooled Summ."
"xx","1.71181097951599","0.30905025544516","0.675706421698719","128.54296810439","Pooled Summ."
"xx","1.68809158723165","0.278207290363776","0.799896791820718","132.722994837136","Pooled Summ."
"xx","1.82455263228986","0.367327945055087","0.673214654203331","128.231545828359","Pooled Summ."
"xx","1.73666171370327","0.304988601669884","0.625868105231519","129.61890307045","Pooled Summ."
"xx","1.58200427082607","0.354488258583317","0.705420242138096","131.269410887052","Pooled Summ."
"xx","1.66001720470987","0.325301029561666","0.660919257500225","128.49325726037","Pooled Summ."
"xx","1.53541474801891","0.29267710375326","0.612156504989587","133.478201914766","Pooled Summ."
"xx","1.70623448767351","0.35998868217673","0.696729777512426","128.068888959948","Pooled Summ."
"xx","1.80566656274625","0.415407167946132","0.714314608683528","128.236566064923","Pooled Summ."
"xx","1.95085306441223","0.433011152045866","0.709340366779306","130.311484692749","Pooled Summ."
"xx","1.87067722260503","0.431581367341224","0.62524527368581","128.793342434729","Pooled Summ."
"xx","1.63242363711793","0.286410439359462","0.734487181628896","130.181227841818","Pooled Summ."
"xx","1.54741806475504","0.247603945250382","0.718531761321633","131.791267245259","Pooled Summ."
"xx","1.6442229462272","0.275758250942231","0.757697449998927","131.058010660224","Pooled Summ."
"xx","1.86400482345728","0.444509668959555","0.683484051562833","128.263421132897","Pooled Summ."
"xx","1.74677940866138","0.440473761198138","0.653388802429944","129.203594369739","Pooled Summ."
"xx","1.83846699997096","0.371785777902611","0.737644185634154","129.476628631875","Pooled Summ."
"xx","1.62611946884259","0.364402188650176","0.764894164358161","131.485138745034","Pooled Summ."
"xx","1.58159893698402","0.246072416070961","0.723896865527038","131.40483880034","Pooled Summ."
"xx","1.74492463388831","0.264066766773096","0.63934107315861","131.997243792514","Pooled Summ."
"xx","1.90058484161362","0.419482836604561","0.71737575676573","129.332034767016","Pooled Summ."
"xx","1.75520702184094","0.287996442247002","0.652559803862734","130.305076631278","Pooled Summ."
"xx","1.55155785555294","0.279430517775865","0.78136498102735","133.06349128823","Pooled Summ."
"xx","1.65622989366426","0.412527988539302","0.794918379821675","133.292197042883","Pooled Summ."
"xx","1.91758028912825","0.430706248591688","0.78976414100344","131.960115245229","Pooled Summ."
"xx","1.81604253253225","0.387279437528704","0.726588836633676","128.596655455914","Pooled Summ."
